,Plastics/Resin,Total Manufacturing,Man. Employees,Concrete Man.,Durable Goods,Semiconductors,NonDefense,Chem Man.,Glass Man.,Man. New Orders,Paint Man.,Oil/Gas Man.,Ind. Prod.,Pharm. Man,Weekly hours.,Food Man.,Gypsum,Fiber Box,Switchgear,Valve,Turbine,Computers/electronics,Vehicles,Hardware,New Orders Consumer Goods,Industrial Gas Man.,year,month,day,dayofweek,GDP
0,114.1,100.0,18023,0.0,0.0,100.0,0.0,100.0,0.0,0.0,104.4,120.4,50.7656,134.2,40.5,100.0,0.0,123.8,0.0,0.0,106.2,0.0,105.5,0.0,0.0,0.0,1984,12,1,5,4037.613
1,114.1,0.0,18009,0.0,0.0,100.5,0.0,100.2,0.0,0.0,105.5,120.5,50.628,135.8,40.3,100.1,0.0,123.8,0.0,0.0,105.7,0.0,106.7,0.0,0.0,0.0,1985,1,1,1,4338.979
2,114.3,0.0,17966,0.0,0.0,100.8,0.0,100.0,0.0,0.0,104.3,120.5,50.4069,137.0,40.1,100.0,0.0,126.2,0.0,0.0,105.7,0.0,106.8,0.0,0.0,0.0,1985,2,1,4,4338.979
3,114.5,0.0,17939,0.0,0.0,100.9,0.0,100.3,0.0,0.0,104.4,120.5,50.79,138.4,40.4,99.8,0.0,126.6,0.0,0.0,105.8,0.0,106.5,0.0,0.0,0.0,1985,3,1,4,4338.979
4,114.1,0.0,17886,0.0,0.0,100.6,0.0,100.6,0.0,0.0,104.8,120.5,50.6097,139.3,40.5,99.3,0.0,124.3,0.0,0.0,106.5,0.0,106.5,0.0,0.0,0.0,1985,4,1,0,4338.979
5,113.5,0.0,17855,0.0,0.0,100.1,0.0,100.8,0.0,0.0,104.9,120.5,50.7245,140.6,40.4,98.9,0.0,121.4,0.0,0.0,107.5,0.0,107.0,0.0,0.0,0.0,1985,5,1,2,4338.979
6,114.6,0.0,17819,0.0,0.0,100.1,0.0,100.8,0.0,0.0,104.7,120.4,50.7372,140.4,40.5,99.0,0.0,122.2,100.0,0.0,107.9,0.0,107.3,100.0,0.0,0.0,1985,6,1,5,4338.979
7,114.3,0.0,17776,0.0,0.0,100.4,0.0,101.1,0.0,0.0,104.9,120.0,50.5184,143.2,40.4,98.8,0.0,120.1,100.7,0.0,107.9,0.0,107.3,100.0,0.0,0.0,1985,7,1,0,4338.979
8,113.9,0.0,17756,0.0,0.0,100.5,0.0,101.0,0.0,0.0,105.0,120.2,50.7752,142.2,40.6,98.0,0.0,121.5,100.9,0.0,109.7,0.0,107.2,100.2,0.0,0.0,1985,8,1,3,4338.979
9,113.4,0.0,17718,0.0,0.0,100.5,0.0,101.5,0.0,0.0,104.9,121.1,50.8264,143.5,40.6,97.3,0.0,116.8,100.8,0.0,109.0,0.0,100.2,100.2,0.0,0.0,1985,9,1,6,4338.979
10,112.0,0.0,17708,0.0,0.0,100.5,0.0,101.1,0.0,0.0,105.1,121.0,50.7344,144.3,40.7,98.1,0.0,116.1,101.2,0.0,109.0,0.0,110.4,100.3,0.0,0.0,1985,10,1,1,4338.979
11,112.1,0.0,17697,0.0,0.0,100.6,0.0,101.0,0.0,0.0,104.9,121.0,51.0852,145.8,40.7,99.0,0.0,115.0,100.7,0.0,109.0,0.0,110.4,100.3,0.0,0.0,1985,11,1,4,4338.979
12,111.9,0.0,17693,0.0,0.0,100.8,0.0,100.6,0.0,0.0,105.3,121.0,51.2667,144.7,40.9,99.7,0.0,114.9,100.7,0.0,106.9,0.0,110.2,100.4,0.0,0.0,1985,12,1,6,4338.979
13,112.2,101.3,17686,0.0,0.0,101.4,0.0,101.2,0.0,0.0,105.3,120.9,51.8829,147.6,40.7,99.8,0.0,116.8,100.8,0.0,106.3,0.0,109.0,101.2,0.0,0.0,1986,1,1,2,4579.631
14,112.6,99.9,17663,0.0,0.0,101.6,0.0,101.6,0.0,0.0,105.4,119.9,51.6139,148.8,40.7,99.2,0.0,115.3,100.9,0.0,106.7,0.0,109.3,101.2,0.0,0.0,1986,2,1,5,4579.631
15,112.5,98.3,17624,0.0,0.0,101.8,0.0,101.3,0.0,0.0,105.9,119.8,51.4254,150.2,40.7,99.0,0.0,115.3,100.9,0.0,106.9,0.0,108.7,98.1,0.0,0.0,1986,3,1,5,4579.631
16,110.7,97.9,17616,0.0,0.0,102.0,0.0,101.2,0.0,0.0,106.1,119.9,51.5592,151.4,40.5,98.6,0.0,114.8,102.1,0.0,107.2,0.0,110.3,98.3,0.0,0.0,1986,4,1,1,4579.631
17,110.4,98.2,17593,0.0,0.0,102.1,0.0,100.7,0.0,0.0,106.3,118.8,51.6179,152.3,40.7,99.3,0.0,115.0,102.1,0.0,108.4,0.0,110.0,98.4,0.0,0.0,1986,5,1,3,4579.631
18,110.3,98.2,17530,0.0,0.0,102.3,0.0,100.5,0.0,0.0,106.1,118.2,51.4214,151.9,40.7,99.6,0.0,114.6,101.3,0.0,108.4,0.0,110.2,98.4,0.0,0.0,1986,6,1,6,4579.631
19,110.8,97.5,17497,0.0,0.0,102.8,0.0,100.5,0.0,0.0,106.6,117.3,51.7014,152.9,40.6,101.0,0.0,114.7,101.4,0.0,108.7,0.0,110.3,98.5,0.0,0.0,1986,7,1,1,4579.631
20,110.2,97.4,17489,0.0,0.0,102.7,0.0,100.2,0.0,0.0,106.6,117.2,51.8462,153.1,40.7,101.7,0.0,116.3,101.5,0.0,107.9,0.0,109.7,98.5,0.0,0.0,1986,8,1,4,4579.631
21,108.7,97.6,17498,0.0,0.0,103.1,0.0,99.7,0.0,0.0,106.6,116.2,51.988,154.2,40.7,101.5,0.0,117.3,101.4,0.0,107.8,0.0,105.6,98.3,0.0,0.0,1986,9,1,0,4579.631
22,109.6,98.2,17477,0.0,0.0,103.2,0.0,99.8,0.0,0.0,106.5,117.8,52.1872,154.8,40.6,101.3,0.0,118.2,101.7,0.0,108.4,0.0,116.9,98.3,0.0,0.0,1986,10,1,2,4579.631
23,110.2,98.3,17472,0.0,0.0,103.1,0.0,100.1,0.0,0.0,106.5,118.3,52.3749,156.0,40.7,101.5,0.0,117.2,101.5,0.0,108.7,0.0,116.7,97.4,0.0,0.0,1986,11,1,5,4579.631
24,108.8,98.3,17478,0.0,0.0,103.2,0.0,99.8,0.0,0.0,106.3,118.7,52.9033,156.7,40.8,101.4,0.0,118.3,101.5,0.0,109.0,0.0,115.4,97.5,0.0,0.0,1986,12,1,0,4579.631
25,109.1,99.1,17465,0.0,0.0,103.0,0.0,100.4,0.0,0.0,106.3,118.9,52.7079,158.6,40.8,100.9,0.0,119.2,102.0,0.0,110.4,0.0,115.3,96.5,0.0,0.0,1987,1,1,3,4855.215
26,108.5,99.5,17499,0.0,0.0,103.0,0.0,100.8,0.0,0.0,106.3,119.4,53.498,159.6,41.2,101.1,0.0,121.4,102.2,0.0,111.1,0.0,112.6,96.7,0.0,0.0,1987,2,1,6,4855.215
27,109.7,99.5,17507,0.0,0.0,102.7,0.0,101.5,0.0,0.0,106.5,119.1,53.5104,161.6,41.0,101.0,0.0,124.4,103.7,0.0,111.5,0.0,111.9,96.8,0.0,0.0,1987,3,1,6,4855.215
28,114.1,100.2,17525,0.0,0.0,102.5,0.0,102.2,0.0,0.0,106.8,117.9,53.835,162.6,40.8,102.0,0.0,124.4,103.8,0.0,111.5,0.0,113.7,96.8,0.0,0.0,1987,4,1,2,4855.215
29,114.7,100.6,17542,0.0,0.0,102.2,0.0,103.0,0.0,0.0,106.9,119.0,54.2143,164.1,41.0,103.3,0.0,124.4,104.1,0.0,111.5,0.0,112.9,97.0,0.0,0.0,1987,5,1,4,4855.215
30,117.3,100.9,17537,0.0,0.0,102.2,0.0,103.4,0.0,0.0,107.1,118.4,54.425,163.4,40.9,103.4,0.0,124.5,104.2,0.0,110.3,0.0,112.5,97.2,0.0,0.0,1987,6,1,0,4855.215
31,120.9,101.3,17593,0.0,0.0,102.6,0.0,104.2,0.0,0.0,107.3,118.0,54.8501,164.1,41.0,103.5,0.0,125.3,104.2,0.0,110.6,0.0,112.4,96.9,0.0,0.0,1987,7,1,2,4855.215
32,120.9,101.6,17630,0.0,0.0,102.6,0.0,104.5,0.0,0.0,107.8,119.3,55.1422,164.5,40.9,103.4,0.0,125.3,104.1,0.0,111.6,0.0,111.4,96.9,0.0,0.0,1987,8,1,5,4855.215
33,121.9,101.3,17691,0.0,0.0,102.5,0.0,105.1,0.0,0.0,107.8,118.3,55.5373,166.2,40.8,103.2,0.0,126.9,103.6,0.0,112.2,0.0,108.4,97.0,0.0,0.0,1987,9,1,1,4855.215
34,124.2,102.0,17729,0.0,0.0,102.7,0.0,105.6,0.0,0.0,107.9,120.6,56.4022,165.3,41.1,103.1,0.0,129.9,104.2,0.0,112.2,0.0,116.5,97.3,0.0,0.0,1987,10,1,3,4855.215
35,124.9,102.2,17775,0.0,0.0,102.6,0.0,106.3,0.0,0.0,107.7,122.0,56.6955,168.6,41.0,103.1,0.0,131.5,103.7,0.0,112.7,0.0,115.2,97.7,0.0,0.0,1987,11,1,6,4855.215
36,125.1,102.1,17809,0.0,0.0,103.0,0.0,106.6,0.0,0.0,108.4,123.8,57.1049,168.4,41.0,103.4,0.0,131.4,103.7,0.0,112.7,0.0,112.8,98.1,0.0,0.0,1987,12,1,1,4855.215
37,130.9,102.4,17790,0.0,0.0,103.2,0.0,108.1,0.0,0.0,109.0,124.4,56.9621,169.8,41.1,103.9,0.0,131.8,103.7,0.0,113.9,0.0,113.0,98.5,0.0,0.0,1988,1,1,4,5236.438
38,133.5,102.6,17823,0.0,0.0,103.8,0.0,109.3,0.0,0.0,109.4,124.7,57.1656,170.4,41.1,104.0,0.0,131.8,104.5,0.0,113.6,0.0,113.0,99.0,0.0,0.0,1988,2,1,0,5236.438
39,134.4,102.8,17844,0.0,0.0,103.7,0.0,109.5,0.0,0.0,110.1,125.1,57.3371,172.7,40.9,104.7,0.0,132.6,105.7,0.0,113.6,0.0,112.5,99.1,0.0,0.0,1988,3,1,1,5236.438
40,137.1,103.4,17874,0.0,0.0,103.2,0.0,110.4,0.0,0.0,110.5,124.7,57.8668,173.6,41.0,105.0,0.0,132.6,106.3,0.0,113.6,0.0,112.6,99.5,0.0,0.0,1988,4,1,4,5236.438
41,141.8,103.9,17892,0.0,0.0,103.8,0.0,111.6,0.0,0.0,110.8,123.9,57.7443,174.8,41.0,105.5,0.0,137.3,106.7,0.0,113.6,0.0,113.0,99.7,0.0,0.0,1988,5,1,6,5236.438
42,142.8,104.3,17916,0.0,0.0,104.0,0.0,112.4,0.0,0.0,111.4,123.9,57.8754,174.8,41.1,107.3,0.0,138.4,106.9,0.0,113.7,0.0,113.1,99.9,0.0,0.0,1988,6,1,2,5236.438
43,147.1,104.9,17926,0.0,0.0,104.1,0.0,114.0,0.0,0.0,112.4,124.3,57.855,176.1,41.1,108.5,0.0,138.4,106.7,0.0,113.8,0.0,113.2,100.6,0.0,0.0,1988,7,1,4,5236.438
44,150.7,105.1,17891,0.0,0.0,104.4,0.0,114.8,0.0,0.0,112.7,124.4,57.9536,176.6,40.9,108.4,0.0,138.4,106.8,0.0,116.4,0.0,113.3,100.9,0.0,0.0,1988,8,1,0,5236.438
45,152.1,105.1,17914,0.0,0.0,104.6,0.0,115.4,0.0,0.0,112.9,125.0,58.1355,178.1,41.0,109.5,0.0,138.4,107.4,0.0,116.4,0.0,110.2,101.3,0.0,0.0,1988,9,1,3,5236.438
46,152.1,105.6,17966,0.0,0.0,104.3,0.0,116.0,0.0,0.0,113.3,125.7,58.3721,178.6,41.1,109.6,0.0,138.4,108.7,0.0,116.5,0.0,119.5,103.1,0.0,0.0,1988,10,1,5,5236.438
47,152.7,106.1,18003,0.0,0.0,104.6,0.0,117.2,0.0,0.0,114.2,125.3,58.6076,181.0,41.1,109.6,0.0,139.5,108.3,0.0,116.7,0.0,118.1,103.4,0.0,0.0,1988,11,1,1,5236.438
48,153.0,106.4,18025,0.0,0.0,104.7,0.0,117.8,0.0,0.0,114.4,124.6,58.8712,181.3,40.9,109.5,0.0,141.4,108.2,0.0,118.0,0.0,117.9,103.6,0.0,0.0,1988,12,1,3,5236.438
49,153.4,107.5,18057,0.0,0.0,104.7,0.0,119.6,0.0,0.0,116.0,126.5,59.3831,184.7,41.1,110.8,0.0,141.4,110.1,0.0,118.9,0.0,117.8,104.3,0.0,0.0,1989,1,1,6,5641.58
50,154.7,107.9,18055,0.0,0.0,104.9,0.0,119.9,0.0,0.0,117.0,126.5,58.7775,184.9,41.2,110.9,0.0,140.4,111.0,0.0,119.0,0.0,118.1,104.6,0.0,0.0,1989,2,1,2,5641.58
51,154.3,108.5,18060,0.0,0.0,105.0,0.0,120.6,0.0,0.0,117.5,126.8,58.7114,187.1,41.1,111.9,0.0,140.4,111.9,0.0,119.1,0.0,116.4,105.3,0.0,0.0,1989,3,1,2,5641.58
52,154.5,109.4,18055,0.0,0.0,105.0,0.0,121.0,0.0,0.0,118.3,125.0,58.8113,188.2,41.1,111.6,0.0,140.4,112.9,0.0,119.4,0.0,115.4,105.3,0.0,0.0,1989,4,1,5,5641.58
53,153.4,110.1,18040,0.0,0.0,105.1,0.0,120.9,0.0,0.0,118.3,125.9,58.3342,188.1,41.0,112.2,0.0,142.0,113.3,0.0,119.8,0.0,116.6,105.8,0.0,0.0,1989,5,1,0,5641.58
54,151.8,110.1,18013,0.0,0.0,105.2,0.0,120.6,0.0,0.0,119.5,126.6,58.4416,189.9,40.9,112.1,0.0,142.0,114.3,0.0,121.8,0.0,116.9,105.9,0.0,0.0,1989,6,1,3,5641.58
55,148.9,109.9,17980,0.0,0.0,105.2,0.0,119.4,0.0,0.0,120.4,126.7,57.729,190.9,40.9,112.5,0.0,142.0,114.1,0.0,122.7,0.0,114.7,106.5,0.0,0.0,1989,7,1,5,5641.58
56,141.9,109.6,17964,0.0,0.0,105.3,0.0,119.0,0.0,0.0,120.8,127.1,58.3168,192.8,40.9,112.3,0.0,142.0,114.3,0.0,123.2,0.0,114.6,106.7,0.0,0.0,1989,8,1,1,5641.58
57,140.5,109.9,17922,0.0,0.0,105.2,0.0,118.7,0.0,0.0,121.1,127.4,58.1873,192.5,40.8,112.4,0.0,142.0,114.3,0.0,127.3,0.0,113.3,107.0,0.0,0.0,1989,9,1,4,5641.58
58,138.9,110.8,17895,0.0,0.0,105.5,0.0,118.7,0.0,0.0,121.3,127.9,58.0429,193.2,40.8,112.3,0.0,142.0,114.6,0.0,127.6,0.0,122.5,108.6,0.0,0.0,1989,10,1,6,5641.58
59,137.8,110.8,17886,0.0,0.0,105.3,0.0,118.7,0.0,0.0,121.7,127.6,58.1648,194.5,40.7,113.2,0.0,142.0,115.5,0.0,127.6,0.0,121.2,109.2,0.0,0.0,1989,11,1,2,5641.58
60,137.4,111.0,17881,0.0,0.0,104.9,0.0,118.6,0.0,0.0,122.3,127.6,58.1965,195.1,40.5,113.7,0.0,142.0,115.5,0.0,127.6,0.0,120.8,109.2,0.0,0.0,1989,12,1,4,5641.58
61,137.7,112.7,17797,0.0,0.0,105.1,0.0,119.0,0.0,0.0,122.5,128.1,58.1316,197.2,40.5,114.4,0.0,142.0,116.5,0.0,130.6,0.0,118.4,109.4,0.0,0.0,1990,1,1,0,5963.144
62,137.3,112.2,17893,0.0,0.0,104.8,0.0,119.5,0.0,0.0,123.4,127.9,58.9459,199.3,40.6,114.6,0.0,142.0,117.2,0.0,130.9,0.0,118.5,109.8,0.0,0.0,1990,2,1,3,5963.144
63,138.1,112.3,17868,0.0,0.0,104.9,0.0,119.8,0.0,0.0,123.6,128.0,59.2653,200.8,40.6,115.2,0.0,142.0,118.2,0.0,134.1,0.0,118.0,109.8,0.0,0.0,1990,3,1,3,5963.144
64,137.6,112.6,17845,0.0,0.0,104.8,0.0,120.0,0.0,0.0,124.1,128.1,59.0462,202.2,40.4,115.4,0.0,142.1,118.0,0.0,134.2,0.0,117.8,110.3,0.0,0.0,1990,4,1,6,5963.144
65,137.5,113.1,17797,0.0,0.0,104.8,0.0,120.1,0.0,0.0,124.5,129.0,59.2181,203.2,40.6,116.9,0.0,140.5,118.2,0.0,134.2,0.0,117.3,110.2,0.0,0.0,1990,5,1,1,5963.144
66,138.0,113.1,17776,0.0,0.0,104.9,0.0,120.1,0.0,0.0,124.7,129.3,59.4096,202.8,40.7,116.9,0.0,138.0,118.3,0.0,134.2,0.0,119.0,110.5,0.0,0.0,1990,6,1,4,5963.144
67,137.1,113.2,17704,0.0,0.0,105.4,0.0,120.3,0.0,0.0,125.1,129.4,59.2716,203.8,40.6,117.3,0.0,138.0,119.0,0.0,134.4,0.0,119.2,110.6,0.0,0.0,1990,7,1,6,5963.144
68,137.5,114.6,17649,0.0,0.0,104.8,0.0,120.6,0.0,0.0,125.4,130.5,59.5008,204.8,40.5,117.2,0.0,137.5,119.2,0.0,134.4,0.0,118.2,110.8,0.0,0.0,1990,8,1,2,5963.144
69,137.7,116.2,17609,0.0,0.0,104.8,0.0,121.5,0.0,0.0,125.5,132.9,59.4235,204.8,40.5,116.9,0.0,137.5,119.2,0.0,134.4,0.0,117.2,111.2,0.0,0.0,1990,9,1,5,5963.144
70,140.5,118.1,17577,0.0,0.0,104.8,0.0,122.6,0.0,0.0,126.0,132.8,59.0289,206.5,40.4,116.9,0.0,137.5,119.3,0.0,134.4,0.0,125.0,111.4,0.0,0.0,1990,10,1,0,5963.144
71,145.3,118.2,17428,0.0,0.0,104.7,0.0,124.1,0.0,0.0,127.0,134.2,58.3223,208.2,40.2,116.4,0.0,140.3,119.6,0.0,138.0,0.0,124.8,111.6,0.0,0.0,1990,11,1,3,5963.144
72,149.6,117.2,17395,0.0,0.0,104.9,0.0,124.6,0.0,0.0,127.5,130.7,57.8404,208.7,40.3,116.3,0.0,140.3,119.6,0.0,138.0,0.0,124.8,112.0,0.0,0.0,1990,12,1,5,5963.144
73,150.0,116.9,17330,0.0,0.0,105.4,0.0,125.3,0.0,0.0,128.8,131.8,57.4718,209.9,40.2,116.7,0.0,140.2,120.9,0.0,138.6,0.0,125.1,112.9,0.0,0.0,1991,1,1,1,6158.129
74,149.5,116.2,17211,0.0,0.0,105.5,0.0,125.7,0.0,0.0,129.4,132.5,57.051,211.8,40.1,116.9,0.0,139.8,121.3,0.0,138.6,0.0,125.9,113.1,0.0,0.0,1991,2,1,4,6158.129
75,144.7,115.3,17140,0.0,0.0,105.3,0.0,124.8,0.0,0.0,130.1,133.2,56.6604,212.5,40.0,117.2,0.0,139.8,122.0,0.0,138.6,0.0,125.5,113.3,0.0,0.0,1991,3,1,4,6158.129
76,141.1,115.4,17093,0.0,0.0,105.3,0.0,124.8,0.0,0.0,130.5,136.4,56.9087,215.8,40.1,117.1,0.0,137.7,121.7,0.0,138.6,0.0,124.4,113.1,0.0,0.0,1991,4,1,0,6158.129
77,138.5,115.6,17070,0.0,0.0,104.9,0.0,124.2,0.0,0.0,130.5,137.5,57.3182,216.4,40.2,116.8,0.0,136.4,121.7,0.0,138.6,0.0,123.2,113.1,0.0,0.0,1991,5,1,2,6158.129
78,135.9,115.6,17044,0.0,0.0,105.1,0.0,124.0,0.0,0.0,130.5,137.6,57.8765,217.1,40.5,116.6,0.0,136.0,121.8,100.0,138.6,0.0,122.9,113.2,0.0,0.0,1991,6,1,5,6158.129
79,132.8,115.4,17015,0.0,0.0,104.9,0.0,123.6,0.0,0.0,130.5,138.2,58.199,219.5,40.5,116.3,0.0,136.1,121.9,100.1,139.5,0.0,122.8,113.2,0.0,0.0,1991,7,1,0,6158.129
80,132.8,115.7,17025,0.0,0.0,104.8,0.0,123.8,0.0,0.0,130.3,138.1,58.2471,220.5,40.6,116.1,0.0,136.1,122.0,100.2,140.1,0.0,122.6,113.3,0.0,0.0,1991,8,1,3,6158.129
81,132.5,115.7,17010,0.0,0.0,104.6,0.0,123.9,0.0,0.0,130.5,138.1,58.8866,219.0,40.6,115.9,0.0,135.4,121.9,100.3,141.5,0.0,120.3,113.3,0.0,0.0,1991,9,1,6,6158.129
82,132.3,116.4,16999,0.0,0.0,104.5,0.0,124.2,0.0,0.0,130.7,138.1,58.8168,221.5,40.6,116.5,0.0,137.4,122.2,100.6,141.0,0.0,131.0,113.7,0.0,0.0,1991,10,1,1,6158.129
83,131.8,116.5,16961,0.0,0.0,104.4,0.0,124.2,0.0,0.0,131.1,138.1,58.7078,221.6,40.7,116.2,0.0,138.7,121.9,100.7,141.0,0.0,130.3,113.7,0.0,0.0,1991,11,1,4,6158.129
84,133.5,116.0,16916,0.0,0.0,104.5,0.0,124.3,0.0,0.0,131.0,137.8,58.5804,221.6,40.7,116.0,0.0,139.1,121.8,100.9,141.0,0.0,129.5,113.7,0.0,0.0,1991,12,1,6,6158.129
85,132.0,115.9,16839,0.0,0.0,104.3,0.0,124.2,0.0,0.0,131.1,138.2,58.2734,224.3,40.6,116.0,0.0,139.1,122.1,101.7,141.4,0.0,129.2,113.8,0.0,0.0,1992,1,1,2,6520.327
86,132.0,116.3,16829,0.0,114535.0,104.8,33857.0,124.5,0.0,223500.0,131.4,136.8,58.8296,226.7,40.7,116.3,0.0,139.4,122.2,101.8,141.4,19538.0,129.0,114.1,86445.0,0.0,1992,2,1,5,6520.327
87,130.2,116.4,16805,0.0,120025.0,105.4,35258.0,124.6,0.0,233732.0,132.1,136.8,59.4442,227.7,40.7,116.5,0.0,139.4,122.4,102.2,141.5,19720.0,129.3,114.4,90386.0,0.0,1992,3,1,6,6520.327
88,130.1,116.9,16831,0.0,124470.0,105.4,35992.0,125.1,0.0,238173.0,132.4,137.0,59.7834,230.2,40.8,116.5,0.0,139.6,123.9,102.5,141.5,19017.0,129.2,114.7,90535.0,0.0,1992,4,1,2,6520.327
89,131.3,117.6,16835,0.0,125822.0,104.8,36811.0,125.5,0.0,241916.0,132.5,137.1,60.1338,230.8,40.9,117.3,0.0,139.6,124.1,102.7,141.5,20433.0,128.9,114.9,92615.0,0.0,1992,5,1,4,6520.327
90,129.9,117.9,16826,0.0,122834.0,104.7,36666.0,126.0,0.0,240660.0,132.5,137.1,60.3312,231.1,40.8,117.5,0.0,139.6,124.2,102.9,141.5,19551.0,128.3,114.9,93632.0,0.0,1992,6,1,0,6520.327
91,132.8,117.8,16819,0.0,122590.0,104.5,36629.0,126.5,0.0,238609.0,132.8,136.6,60.8948,232.1,40.8,117.2,0.0,139.6,124.2,103.0,141.5,19700.0,128.4,115.0,93275.0,0.0,1992,7,1,2,6520.327
92,132.5,117.6,16783,0.0,120411.0,104.3,36131.0,126.5,0.0,235633.0,132.9,136.3,60.6092,233.7,40.8,117.1,0.0,139.6,124.1,103.4,142.3,19482.0,127.5,115.2,90941.0,0.0,1992,8,1,5,6520.327
93,133.2,117.6,16761,0.0,120711.0,104.2,37629.0,126.6,0.0,239052.0,132.6,136.7,60.7115,233.0,40.7,117.2,0.0,139.6,123.8,103.4,142.3,20030.0,123.5,115.4,93406.0,0.0,1992,9,1,1,6520.327
94,133.2,118.3,16751,0.0,127392.0,104.3,36668.0,126.8,0.0,242803.0,132.6,136.7,61.0911,234.6,40.8,117.0,0.0,139.7,123.8,103.6,142.3,19187.0,132.1,115.5,91483.0,0.0,1992,10,1,3,6520.327
95,132.4,118.2,16758,0.0,122374.0,104.1,37573.0,126.9,0.0,240286.0,132.5,137.3,61.3501,234.2,40.9,116.8,0.0,139.7,123.8,103.8,142.4,21027.0,132.1,115.7,93794.0,0.0,1992,11,1,6,6520.327
96,132.6,117.9,16769,0.0,126080.0,104.5,38374.0,126.6,0.0,244173.0,132.6,137.5,61.3004,235.6,40.9,117.2,0.0,139.7,124.4,103.8,142.5,21666.0,131.8,115.7,93373.0,0.0,1992,12,1,1,6520.327
97,132.8,118.4,16791,0.0,121637.0,104.6,37041.0,127.3,0.0,239924.0,132.8,139.0,61.8712,236.4,41.1,117.5,0.0,139.5,125.2,104.9,143.7,20541.0,132.1,116.1,95293.0,0.0,1993,1,1,4,6858.559
98,132.9,118.9,16805,0.0,128854.0,105.2,36962.0,127.5,0.0,247176.0,132.9,139.0,62.0286,238.3,41.1,117.6,0.0,139.5,126.0,104.9,143.6,20113.0,132.9,116.2,94405.0,0.0,1993,2,1,0,6858.559
99,132.5,119.3,16795,0.0,126762.0,105.3,36895.0,127.2,0.0,245506.0,132.9,139.7,61.9013,238.2,40.8,117.8,0.0,139.4,126.1,105.1,143.7,20413.0,133.0,116.4,95172.0,0.0,1993,3,1,0,6858.559
100,132.2,119.7,16772,0.0,127395.0,105.7,37729.0,127.7,0.0,244703.0,133.5,137.7,62.2209,240.2,41.3,118.6,0.0,138.4,126.1,105.3,143.7,20516.0,132.9,116.5,93573.0,0.0,1993,4,1,3,6858.559
101,131.5,119.8,16766,0.0,126529.0,105.5,37869.0,127.2,0.0,245194.0,133.7,137.5,62.1457,240.1,41.1,119.0,0.0,138.4,126.0,105.0,143.7,20495.0,132.6,116.6,94469.0,0.0,1993,5,1,5,6858.559
102,132.0,119.5,16742,0.0,130212.0,105.5,38381.0,127.2,0.0,249521.0,133.8,137.4,62.0525,241.0,41.0,118.9,0.0,137.3,125.6,105.6,143.7,19770.0,132.8,117.0,95110.0,0.0,1993,6,1,1,6858.559
103,132.2,119.3,16739,0.0,128111.0,105.2,38915.0,127.2,0.0,245765.0,133.7,137.4,62.2034,241.8,41.1,119.1,0.0,136.6,125.8,106.0,143.7,20734.0,132.9,117.3,93385.0,0.0,1993,7,1,3,6858.559
104,132.8,118.6,16741,0.0,129378.0,105.3,39309.0,126.9,0.0,246562.0,133.7,137.5,62.121,242.6,41.1,119.1,0.0,136.2,126.0,106.2,143.7,21352.0,132.6,117.3,91616.0,0.0,1993,8,1,6,6858.559
105,132.7,118.4,16769,0.0,127233.0,105.4,39307.0,127.1,0.0,245731.0,133.7,138.0,62.5778,242.2,41.3,119.0,0.0,135.8,126.2,106.3,144.5,20750.0,128.0,117.4,93600.0,0.0,1993,9,1,2,6858.559
106,132.3,119.4,16778,0.0,133168.0,105.3,40550.0,127.1,0.0,251656.0,133.7,138.6,63.1204,243.1,41.3,119.0,0.0,135.7,125.9,106.2,144.5,22212.0,135.7,117.4,94499.0,0.0,1993,10,1,4,6858.559
107,131.9,119.3,16800,0.0,130391.0,105.6,40301.0,127.3,0.0,247827.0,134.2,138.7,63.4249,242.7,41.3,119.4,0.0,136.3,125.8,106.2,144.5,21504.0,136.2,117.5,93428.0,0.0,1993,11,1,0,6858.559
108,131.9,118.8,16815,0.0,133565.0,105.3,43296.0,126.7,0.0,250057.0,134.3,140.8,63.836,241.7,41.4,119.8,100.0,136.2,126.3,106.4,144.5,19601.0,136.3,117.7,93682.0,0.0,1993,12,1,2,6858.559
109,130.8,119.3,16855,0.0,138498.0,105.3,39801.0,126.9,0.0,257125.0,134.6,140.8,63.909,242.8,41.4,120.0,0.0,137.5,126.4,106.6,145.0,21516.0,137.3,117.8,96560.0,0.0,1994,1,1,5,7287.236
110,130.4,119.8,16862,0.0,137141.0,105.4,41736.0,126.8,0.0,256624.0,135.3,141.0,64.0264,242.5,40.9,120.5,101.8,137.9,128.0,106.9,146.0,22300.0,137.5,117.8,97115.0,0.0,1994,2,1,1,7287.236
111,130.3,119.9,16897,0.0,136548.0,105.4,41245.0,126.7,0.0,257190.0,135.4,140.9,64.8792,243.1,41.7,121.0,112.3,138.2,127.9,107.1,146.0,20509.0,137.4,118.0,97371.0,0.0,1994,3,1,1,7287.236
112,132.1,120.1,16933,0.0,140336.0,105.5,42992.0,127.5,0.0,260006.0,135.4,140.9,65.4726,243.8,41.7,120.9,113.6,138.7,128.8,107.4,146.0,22665.0,137.4,118.2,97351.0,0.0,1994,4,1,4,7287.236
113,133.2,120.4,16962,0.0,142630.0,105.4,42849.0,128.0,0.0,263419.0,135.6,140.6,65.9064,244.7,41.8,120.6,113.3,139.7,129.1,107.4,145.6,22505.0,138.3,118.4,98381.0,0.0,1994,5,1,6,7287.236
114,134.6,120.4,17010,0.0,145063.0,105.5,44555.0,128.4,0.0,267027.0,136.0,140.5,66.1347,245.0,41.8,119.8,121.2,144.6,128.4,107.6,146.2,23421.0,138.1,118.5,99162.0,0.0,1994,6,1,2,7287.236
115,135.3,120.9,17026,0.0,145013.0,105.4,44016.0,129.2,0.0,267694.0,135.9,140.8,66.4222,244.8,41.8,119.7,121.0,145.5,128.4,108.5,146.2,23762.0,138.2,118.5,99408.0,0.0,1994,7,1,4,7287.236
116,136.9,121.5,17081,0.0,145884.0,104.7,44406.0,130.3,0.0,269994.0,135.9,140.8,66.972,244.9,41.7,120.1,122.0,147.6,129.3,108.6,146.2,22975.0,138.2,118.7,100797.0,0.0,1994,8,1,0,7287.236
117,141.1,121.1,17115,0.0,145487.0,104.2,44507.0,132.0,0.0,270377.0,136.2,141.0,67.234,245.2,41.6,119.9,125.9,153.6,129.5,108.7,148.2,23340.0,133.9,119.0,100311.0,0.0,1994,9,1,3,7287.236
118,146.3,121.5,17144,0.0,149547.0,103.6,45959.0,133.6,0.0,275087.0,136.5,141.8,67.9129,245.3,41.8,119.6,128.8,155.9,129.3,109.1,148.3,24094.0,140.0,119.0,100535.0,0.0,1994,10,1,5,7287.236
119,148.8,121.9,17186,0.0,150038.0,103.5,45942.0,134.4,0.0,276477.0,137.1,141.8,68.4827,246.1,41.8,119.6,125.4,162.7,129.1,109.4,148.2,23893.0,139.3,119.5,101929.0,0.0,1994,11,1,1,7287.236
120,152.6,121.7,17217,0.0,152489.0,103.3,46186.0,136.1,0.0,282738.0,137.8,141.8,69.2326,246.6,41.8,119.4,128.6,165.3,130.0,109.4,148.3,23829.0,139.8,119.5,104732.0,0.0,1994,12,1,3,7287.236
121,156.9,122.6,17262,0.0,150459.0,103.1,47317.0,138.4,0.0,279692.0,139.5,142.1,69.3663,246.9,41.8,120.2,127.7,172.2,131.5,109.8,148.5,24307.0,140.1,120.2,103833.0,0.0,1995,1,1,6,7639.749
122,160.6,123.1,17265,0.0,153856.0,103.6,46200.0,140.6,0.0,284915.0,140.7,142.6,69.1782,247.1,41.7,120.8,130.7,176.2,131.3,110.3,148.6,23932.0,139.9,120.4,104676.0,0.0,1995,2,1,2,7639.749
123,161.5,123.4,17263,0.0,152888.0,102.8,46095.0,141.4,0.0,282195.0,141.7,143.3,69.3739,247.7,41.5,121.1,135.6,181.1,132.5,110.2,148.6,24617.0,139.3,120.9,103783.0,0.0,1995,3,1,2,7639.749
124,164.5,124.1,17278,0.0,151401.0,102.9,46776.0,144.8,0.0,283370.0,143.0,145.7,69.1909,249.4,40.9,120.5,138.7,183.4,132.8,110.6,149.4,25903.0,139.1,121.4,105380.0,0.0,1995,4,1,5,7639.749
125,164.7,124.5,17259,0.0,152838.0,102.7,48401.0,145.0,0.0,282955.0,143.2,145.7,69.4237,249.7,41.1,120.3,137.6,188.0,132.2,110.9,149.4,26720.0,138.7,121.5,103973.0,0.0,1995,5,1,0,7639.749
126,164.5,124.4,17247,0.0,150051.0,102.5,47970.0,143.9,0.0,281900.0,143.5,145.8,69.7509,249.8,41.2,120.4,136.6,193.9,132.2,111.3,149.4,25141.0,137.8,121.9,104477.0,0.0,1995,6,1,3,7639.749
127,162.7,124.4,17218,0.0,148915.0,102.1,45962.0,144.5,0.0,281269.0,143.8,146.3,69.2837,249.9,41.1,121.4,133.3,193.4,132.6,112.3,149.6,24896.0,137.7,122.0,104534.0,0.0,1995,7,1,5,7639.749
128,160.8,124.4,17240,0.0,154372.0,102.0,47502.0,144.3,0.0,285979.0,144.2,146.8,70.1304,250.2,41.2,122.0,132.2,194.1,131.9,112.6,148.5,25700.0,137.2,122.1,104451.0,0.0,1995,8,1,1,7639.749
129,158.2,124.3,17247,0.0,160175.0,102.1,49431.0,144.7,0.0,293326.0,144.3,148.8,70.778,250.9,41.2,122.4,131.5,194.1,133.0,112.8,146.3,26606.0,132.9,122.2,105832.0,0.0,1995,9,1,4,7639.749
130,154.6,125.1,17216,0.0,155473.0,102.3,50283.0,144.7,0.0,287568.0,144.5,149.6,70.7317,252.6,41.2,123.2,131.2,194.4,132.8,112.8,146.4,28407.0,141.7,122.2,105168.0,0.0,1995,10,1,6,7639.749
131,151.1,125.1,17209,0.0,156146.0,102.3,49798.0,144.6,0.0,287704.0,144.6,149.7,70.8042,252.6,41.3,123.8,130.4,194.4,133.3,113.1,146.4,27131.0,142.4,122.4,103926.0,0.0,1995,11,1,2,7639.749
132,147.8,125.3,17231,0.0,163279.0,102.2,51221.0,144.3,0.0,297684.0,144.8,149.8,71.0979,252.8,40.9,124.2,129.8,190.9,132.6,113.3,146.4,27344.0,142.4,122.8,106961.0,0.0,1995,12,1,4,7639.749
133,146.1,125.8,17208,0.0,155806.0,102.0,47931.0,144.6,0.0,285822.0,145.2,151.5,70.6446,253.2,39.7,124.2,128.9,186.9,133.3,113.7,146.4,26027.0,141.2,123.1,103775.0,0.0,1996,1,1,0,8073.122
134,144.7,125.7,17229,0.0,150773.0,101.8,49183.0,144.5,0.0,277940.0,145.1,152.0,71.6817,253.2,41.3,124.4,128.7,183.3,133.6,114.2,146.4,26891.0,141.1,123.3,101651.0,0.0,1996,2,1,3,8073.122
135,145.0,126.0,17193,0.0,164976.0,100.6,49780.0,145.0,0.0,298862.0,146.2,152.0,71.4954,253.0,41.1,124.3,126.0,181.2,133.9,114.4,146.4,26863.0,141.1,123.5,106300.0,0.0,1996,3,1,4,8073.122
136,144.4,126.8,17204,0.0,156830.0,99.7,48102.0,145.3,0.0,290320.0,146.3,152.1,72.3957,252.9,41.1,124.6,125.0,175.9,133.0,114.8,146.4,26655.0,140.5,123.5,107977.0,0.0,1996,4,1,0,8073.122
137,147.2,127.4,17222,0.0,164502.0,99.1,50505.0,146.0,0.0,298700.0,146.3,152.1,72.9831,253.3,41.4,126.3,127.3,172.3,133.4,114.9,146.4,27181.0,140.6,123.6,107898.0,0.0,1996,5,1,2,8073.122
138,148.7,127.1,17226,0.0,164599.0,98.7,51556.0,146.0,0.0,299606.0,146.8,152.8,73.7082,253.8,41.5,127.6,131.1,167.1,134.0,115.1,144.4,26365.0,140.7,123.6,106932.0,0.0,1996,6,1,5,8073.122
139,149.8,127.1,17223,0.0,163588.0,98.7,51047.0,145.9,0.0,298909.0,146.9,152.9,74.0426,254.3,41.4,128.3,131.2,165.4,133.2,114.7,145.0,27499.0,139.5,123.6,108503.0,0.0,1996,7,1,0,8073.122
140,151.9,127.4,17255,0.0,157310.0,98.7,50780.0,146.1,0.0,293231.0,148.9,152.9,74.3512,254.4,41.5,129.7,135.5,163.4,133.6,114.8,145.0,27699.0,139.2,124.1,107775.0,0.0,1996,8,1,3,8073.122
141,154.4,127.5,17252,0.0,165442.0,98.8,49824.0,146.8,0.0,302015.0,148.9,153.0,74.9851,254.2,41.6,129.7,137.1,163.5,133.4,114.8,145.0,25321.0,135.6,124.0,109377.0,0.0,1996,9,1,6,8073.122
142,154.5,128.2,17268,0.0,165266.0,98.0,52556.0,146.8,0.0,301595.0,148.9,153.4,74.8816,254.5,41.4,129.8,139.6,163.7,132.8,115.0,145.0,29984.0,142.2,124.5,109918.0,0.0,1996,10,1,1,8073.122
143,154.6,128.0,17277,0.0,170783.0,97.8,52664.0,146.3,0.0,309537.0,149.3,153.6,75.5364,254.5,41.5,128.5,142.0,164.0,134.9,115.5,145.0,29093.0,141.9,123.9,110865.0,0.0,1996,11,1,4,8073.122
144,154.2,128.0,17284,0.0,162332.0,97.8,50765.0,146.4,0.0,300179.0,150.1,154.3,76.1658,255.3,41.7,128.2,138.4,164.6,134.1,115.6,146.9,25961.0,141.6,124.0,109568.0,0.0,1996,12,1,6,8073.122
145,154.1,128.1,17297,0.0,161827.0,97.2,51958.0,146.8,0.0,300765.0,150.2,154.7,76.2562,257.1,41.4,127.4,145.4,162.8,133.3,115.9,146.9,28145.0,141.7,124.5,111828.0,0.0,1997,1,1,2,8577.554457
146,154.8,127.9,17316,0.0,170221.0,96.6,54285.0,146.8,0.0,310604.0,151.1,155.0,77.3018,257.8,41.6,127.1,144.8,162.0,133.6,116.3,146.9,30728.0,141.5,124.5,112582.0,0.0,1997,2,1,5,8577.554457
147,155.6,127.8,17340,0.0,167568.0,96.6,54195.0,146.9,0.0,307465.0,151.5,155.9,78.0775,258.8,41.8,128.1,144.8,160.5,134.0,116.4,147.4,29295.0,141.2,124.8,112010.0,0.0,1997,3,1,5,8577.554457
148,155.6,127.7,17349,0.0,174054.0,96.2,55044.0,147.0,0.0,313694.0,152.2,156.7,77.9733,257.6,41.8,128.3,147.4,157.5,134.0,117.2,147.4,29922.0,140.3,124.9,112112.0,0.0,1997,4,1,1,8577.554457
149,155.5,127.6,17362,0.0,168586.0,95.4,53924.0,147.0,0.0,308733.0,152.3,156.8,78.5324,258.3,41.7,128.9,149.4,156.1,135.1,117.2,147.4,29530.0,138.4,124.9,112586.0,0.0,1997,5,1,3,8577.554457
150,156.0,127.2,17387,0.0,174828.0,95.5,55972.0,147.0,0.0,315090.0,152.4,156.8,79.0198,258.6,41.6,128.3,148.0,155.7,135.1,117.5,146.0,30873.0,138.0,125.1,112826.0,0.0,1997,6,1,6,8577.554457
151,155.7,126.9,17389,0.0,178860.0,95.5,58969.0,147.1,0.0,318485.0,152.5,156.9,79.6013,258.8,41.6,128.0,145.8,153.8,135.1,118.0,147.0,32570.0,135.9,124.6,115290.0,0.0,1997,7,1,1,8577.554457
152,154.0,127.4,17452,0.0,177302.0,94.2,58232.0,147.2,0.0,319106.0,152.5,157.1,80.6079,259.0,41.7,128.6,145.4,153.9,135.2,118.0,147.0,31387.0,135.9,125.2,114324.0,0.0,1997,8,1,4,8577.554457
153,152.4,127.3,17465,0.0,177835.0,94.2,60143.0,147.1,0.0,318687.0,152.5,157.3,81.3332,259.3,41.7,127.9,145.9,157.5,135.3,117.8,146.5,31135.0,133.7,125.3,113331.0,0.0,1997,9,1,0,8577.554457
154,152.3,127.6,17513,0.0,177801.0,93.6,57582.0,147.3,0.0,319565.0,152.5,157.9,82.057,260.4,41.8,127.5,149.5,159.0,136.3,117.9,146.7,29844.0,140.6,125.3,114683.0,0.0,1997,10,1,2,8577.554457
155,151.1,127.5,17556,0.0,191187.0,93.3,57967.0,147.3,0.0,334896.0,152.7,158.2,82.9165,261.3,41.8,127.5,148.8,161.1,136.5,117.9,146.7,30060.0,139.4,125.4,115973.0,0.0,1997,11,1,5,8577.554457
156,150.3,127.0,17588,0.0,173770.0,93.3,58401.0,147.3,0.0,315121.0,152.8,158.3,83.3892,261.8,42.0,127.1,148.2,168.3,136.4,117.9,146.6,30405.0,137.8,125.6,114476.0,0.0,1997,12,1,0,8577.554457
157,150.4,126.4,17619,0.0,174288.0,92.9,56811.0,147.3,0.0,315893.0,152.8,159.6,84.0855,262.3,41.9,125.8,148.0,172.1,138.2,118.0,146.8,30554.0,137.8,125.6,112751.0,0.0,1998,1,1,3,9062.818202
158,147.6,126.1,17627,0.0,181270.0,92.6,59362.0,147.1,0.0,322715.0,153.5,159.5,84.1859,265.0,41.7,126.0,148.2,172.1,137.1,118.7,146.9,31806.0,138.0,126.3,114508.0,0.0,1998,2,1,6,9062.818202
159,145.1,125.9,17637,0.0,176886.0,92.5,57672.0,149.2,0.0,317454.0,154.6,159.7,84.0064,291.0,41.6,125.5,149.2,172.1,138.1,119.0,146.7,30954.0,137.8,125.8,113594.0,0.0,1998,3,1,6,9062.818202
160,144.4,126.2,17637,0.0,180915.0,92.4,55909.0,149.8,0.0,320388.0,154.8,160.2,84.4022,291.8,41.2,125.5,148.0,172.9,137.8,119.6,146.7,30361.0,137.2,125.9,112401.0,0.0,1998,4,1,2,9062.818202
161,142.6,126.4,17624,0.0,180634.0,92.1,58575.0,149.7,0.0,320787.0,155.0,160.1,84.8416,292.8,41.5,125.9,148.5,171.0,137.2,119.6,146.8,31964.0,135.4,125.9,114093.0,0.0,1998,5,1,4,9062.818202
162,140.1,126.2,17608,0.0,172189.0,92.0,59020.0,149.5,0.0,311219.0,155.1,160.1,84.1547,295.0,41.4,126.4,152.0,171.0,138.0,119.7,146.9,31647.0,134.3,126.0,110209.0,0.0,1998,6,1,0,9062.818202
163,138.3,126.2,17422,0.0,170459.0,91.7,56670.0,149.5,0.0,308769.0,155.2,160.1,83.7244,297.3,41.4,126.6,154.2,170.4,138.0,119.7,146.9,30003.0,134.8,126.2,109076.0,0.0,1998,7,1,2,9062.818202
164,137.0,126.0,17563,0.0,179033.0,91.5,57658.0,149.1,0.0,318026.0,155.0,160.4,85.8644,296.2,41.4,127.4,154.5,169.7,137.5,119.8,147.0,29964.0,133.9,126.0,112993.0,0.0,1998,8,1,5,9062.818202
165,133.2,125.9,17557,0.0,181422.0,91.3,60257.0,148.5,0.0,319546.0,155.4,160.4,85.8033,296.2,41.3,127.1,156.3,169.5,137.8,119.9,147.1,31326.0,132.7,125.9,112746.0,0.0,1998,9,1,1,9062.818202
166,131.8,126.4,17512,0.0,178527.0,91.2,56319.0,148.3,0.0,315959.0,155.5,160.7,86.5483,298.2,41.4,126.6,158.5,168.2,139.5,121.1,147.1,30272.0,140.6,126.1,113795.0,0.0,1998,10,1,3,9062.818202
167,130.4,126.2,17465,0.0,182400.0,91.0,58162.0,148.1,0.0,319291.0,155.9,160.7,86.6571,297.6,41.4,126.6,157.4,168.2,139.5,121.1,147.2,31086.0,140.4,126.0,112727.0,0.0,1998,11,1,6,9062.818202
168,129.2,125.9,17449,0.0,178424.0,91.0,60818.0,147.9,0.0,315467.0,155.7,160.7,87.1953,298.2,41.5,126.1,159.0,166.5,139.4,121.4,147.2,32059.0,139.2,126.0,113627.0,0.0,1998,12,1,1,9062.818202
169,130.1,126.2,17427,0.0,186527.0,90.8,57160.0,147.5,0.0,324278.0,156.6,161.0,87.4415,294.5,41.3,126.6,163.5,165.0,140.6,121.7,148.3,30567.0,138.2,125.9,114899.0,0.0,1999,1,1,4,9631.174489
170,129.7,125.9,17395,0.0,185546.0,90.7,58576.0,147.3,0.0,324617.0,157.2,161.4,88.245,294.6,41.4,125.8,167.6,164.5,141.4,122.0,148.4,31473.0,138.7,125.7,117580.0,0.0,1999,2,1,0,9631.174489
171,130.8,126.3,17368,0.0,184689.0,90.7,59657.0,147.5,0.0,322604.0,157.0,161.5,88.2119,294.9,41.3,125.6,170.5,164.6,139.9,122.4,148.5,32426.0,137.7,125.9,117056.0,0.0,1999,3,1,0,9631.174489
172,132.3,127.4,17344,0.0,182993.0,90.5,58929.0,147.7,0.0,321414.0,157.4,161.5,88.5581,295.4,41.3,124.3,171.3,171.3,139.2,122.6,148.5,32525.0,138.0,126.3,116417.0,0.0,1999,4,1,3,9631.174489
173,136.2,127.7,17333,0.0,185963.0,90.4,59814.0,148.2,0.0,325581.0,157.5,161.5,89.2875,297.0,41.4,125.3,174.1,174.8,139.9,122.4,148.6,32899.0,137.2,126.4,117624.0,0.0,1999,5,1,5,9631.174489
174,137.5,127.8,17295,0.0,182590.0,89.9,59045.0,149.0,0.0,323793.0,157.5,161.6,89.0936,298.0,41.3,126.0,180.0,177.2,141.1,122.4,148.6,32866.0,136.0,127.7,118268.0,0.0,1999,6,1,1,9631.174489
175,142.6,128.3,17308,0.0,189083.0,89.7,62074.0,149.9,0.0,330548.0,157.5,161.6,89.5106,300.8,41.4,125.9,178.2,174.9,141.0,122.6,148.7,34503.0,134.7,127.7,118039.0,0.0,1999,7,1,3,9631.174489
176,144.3,129.0,17287,0.0,189414.0,89.9,61732.0,150.0,0.0,332510.0,157.4,161.2,89.9822,300.5,41.5,126.8,184.3,183.1,141.2,122.5,148.8,34023.0,134.4,128.5,119453.0,0.0,1999,8,1,6,9631.174489
177,147.9,129.7,17281,0.0,188910.0,90.0,63231.0,151.0,0.0,333492.0,157.4,161.2,89.5707,301.4,41.4,127.5,182.9,190.5,141.2,122.5,148.8,34873.0,133.4,128.5,120616.0,0.0,1999,9,1,2,9631.174489
178,161.3,130.2,17272,0.0,194547.0,89.7,61451.0,152.8,0.0,341407.0,157.3,161.2,90.9407,302.0,41.4,127.5,187.6,191.6,142.1,122.5,148.9,35455.0,142.1,128.6,122864.0,0.0,1999,10,1,4,9631.174489
179,161.3,130.3,17282,0.0,186597.0,89.5,61849.0,153.0,0.0,334281.0,157.4,161.5,91.547,302.1,41.4,127.1,192.1,191.9,142.0,122.6,149.0,34822.0,140.8,128.6,121288.0,0.0,1999,11,1,0,9631.174489
180,159.1,130.5,17280,0.0,196344.0,89.3,65451.0,152.9,0.0,344248.0,157.5,161.6,92.2076,301.5,41.4,126.7,195.6,191.9,142.3,122.8,149.0,36855.0,140.5,128.7,121308.0,0.0,1999,12,1,2,9631.174489
181,158.3,130.8,17284,0.0,201360.0,88.8,63975.0,153.6,0.0,350725.0,159.6,161.8,92.2764,303.6,41.5,126.7,195.9,191.9,142.6,122.8,149.1,34317.0,139.9,128.5,124292.0,0.0,2000,1,1,5,10250.947997
182,159.5,132.2,17285,0.0,183911.0,88.6,58497.0,154.5,0.0,331991.0,160.1,161.7,92.5669,304.0,41.5,127.2,194.1,191.5,143.0,123.0,149.0,33171.0,139.4,129.0,122716.0,0.0,2000,2,1,1,10250.947997
183,163.2,132.9,17302,0.0,192130.0,88.6,63642.0,155.2,0.0,344182.0,160.1,161.7,93.1949,304.7,41.4,127.4,188.3,192.3,142.9,123.7,149.1,35912.0,139.0,129.3,124989.0,0.0,2000,3,1,2,10250.947997
184,164.3,132.6,17298,0.0,195044.0,88.9,64414.0,155.5,0.0,347917.0,160.5,161.7,93.8051,305.8,41.6,128.1,184.6,197.5,143.5,123.5,149.2,36415.0,138.9,129.6,125393.0,0.0,2000,4,1,5,10250.947997
185,167.5,133.1,17279,0.0,188606.0,88.5,63753.0,156.4,0.0,340085.0,160.6,161.8,93.8815,305.3,41.2,129.3,181.3,201.3,144.2,123.7,149.2,36124.0,138.9,129.2,124266.0,0.0,2000,5,1,0,10250.947997
186,167.0,134.2,17296,0.0,219745.0,88.8,68292.0,156.5,0.0,374700.0,160.5,161.8,94.0159,304.8,41.3,129.4,176.2,203.3,143.5,124.0,149.3,41154.0,137.4,129.8,126141.0,0.0,2000,6,1,3,10250.947997
187,167.3,133.9,17322,0.0,189265.0,89.3,63581.0,157.4,0.0,343351.0,160.6,161.7,94.093,307.0,41.5,129.4,166.8,203.2,143.6,123.9,149.9,35704.0,136.8,129.9,124970.0,0.0,2000,7,1,5,10250.947997
188,167.8,133.5,17287,0.0,188730.0,89.2,64759.0,157.5,0.0,340728.0,160.1,161.7,93.4969,308.3,41.1,128.7,160.6,202.9,143.2,124.0,149.9,37713.0,135.8,130.1,121739.0,0.0,2000,8,1,1,10250.947997
189,163.7,134.7,17230,0.0,199947.0,89.1,66733.0,158.3,0.0,354557.0,160.5,161.8,93.9426,308.5,41.1,128.5,153.7,203.5,143.3,124.1,150.0,37504.0,135.5,130.2,126958.0,0.0,2000,9,1,4,10250.947997
190,166.0,134.9,17217,0.0,186158.0,88.8,63580.0,158.6,0.0,339610.0,160.7,162.7,93.6689,308.4,41.1,128.7,144.9,204.3,143.1,124.6,149.9,36320.0,141.2,130.2,126050.0,0.0,2000,10,1,6,10250.947997
191,164.3,134.9,17202,0.0,189392.0,88.6,62569.0,158.3,0.0,343578.0,161.0,162.7,93.4114,307.9,41.1,128.8,136.6,204.3,143.1,124.8,150.0,36567.0,141.3,130.2,126063.0,0.0,2000,11,1,2,10250.947997
192,162.9,134.3,17181,0.0,188659.0,87.9,62554.0,158.7,0.0,343858.0,161.5,163.0,92.8624,310.3,40.3,129.6,131.1,204.3,144.1,125.0,150.1,34449.0,141.1,130.3,125546.0,0.0,2000,12,1,4,10250.947997
193,165.6,134.8,17104,0.0,177056.0,87.9,60808.0,160.3,0.0,331600.0,162.2,166.5,92.4312,311.0,40.7,130.3,124.6,204.3,143.4,125.1,150.1,33966.0,140.3,130.6,123752.0,0.0,2001,1,1,0,10581.929774
194,167.1,134.8,17028,0.0,180276.0,87.5,60697.0,161.5,0.0,335205.0,163.5,167.5,91.898,312.7,40.5,130.8,130.7,204.3,145.7,125.4,150.2,33420.0,137.7,131.2,125177.0,0.0,2001,2,1,3,10581.929774
195,169.3,134.5,16938,0.0,182209.0,87.3,58146.0,161.6,0.0,333486.0,163.6,167.6,91.7163,313.2,40.5,131.8,126.5,204.3,145.8,126.3,150.3,30957.0,138.1,131.6,122787.0,0.0,2001,3,1,3,10581.929774
196,169.6,135.6,16802,0.0,171850.0,87.1,54841.0,161.4,0.0,321890.0,164.0,168.0,91.3506,317.7,40.4,132.5,118.9,204.0,146.9,126.4,150.3,27554.0,138.9,131.7,122438.0,0.0,2001,4,1,6,10581.929774
197,167.6,136.5,16661,0.0,177749.0,86.9,56599.0,160.1,0.0,329643.0,163.8,168.0,90.7504,314.2,40.4,133.4,113.1,202.8,148.3,126.4,150.4,28736.0,136.9,132.1,125831.0,0.0,2001,5,1,1,10581.929774
198,165.3,135.8,16515,0.0,176350.0,86.5,55428.0,159.7,0.0,324044.0,164.1,168.6,90.1484,316.1,40.3,133.7,108.7,202.8,148.8,126.5,150.5,29088.0,135.9,131.8,122050.0,0.0,2001,6,1,4,10581.929774
199,160.4,134.4,16382,0.0,170129.0,86.3,53436.0,157.8,0.0,318401.0,164.4,168.8,89.6332,312.5,40.6,134.0,108.2,202.8,149.6,126.3,151.2,27625.0,136.5,132.1,122140.0,0.0,2001,7,1,6,10581.929774
200,155.6,134.6,16232,0.0,170484.0,85.6,54169.0,156.3,0.0,321838.0,164.3,168.9,89.273,313.1,40.3,134.6,112.4,200.9,148.4,126.4,151.3,27598.0,136.0,132.1,125821.0,0.0,2001,8,1,2,10581.929774
201,150.6,135.6,16117,0.0,164123.0,85.4,50735.0,156.6,0.0,311821.0,164.4,168.9,88.9165,314.9,40.2,134.5,120.4,199.5,149.2,126.3,151.4,26632.0,135.8,132.7,121145.0,0.0,2001,9,1,5,10581.929774
202,151.5,133.7,15972,0.0,171530.0,85.3,49736.0,155.7,0.0,318537.0,163.7,169.4,88.5211,315.0,40.1,134.1,128.0,199.2,149.5,126.9,151.4,26377.0,138.3,132.6,121457.0,0.0,2001,10,1,0,10581.929774
203,149.9,132.7,15825,0.0,163811.0,85.4,51335.0,155.4,0.0,310008.0,164.2,169.3,88.2363,316.7,40.1,132.4,134.5,198.3,148.7,127.1,151.5,27061.0,137.8,132.5,122121.0,0.0,2001,11,1,3,10581.929774
204,146.3,131.6,15711,0.0,165304.0,85.4,51290.0,154.3,0.0,311731.0,164.2,169.3,88.4092,316.9,40.2,131.7,134.0,196.7,147.4,127.2,151.6,26986.0,138.3,132.9,123183.0,0.0,2001,12,1,5,10581.929774
205,142.7,131.7,15587,0.0,163324.0,85.7,47643.0,154.0,0.0,308617.0,165.2,169.6,89.0228,320.1,40.2,131.5,130.8,196.4,148.7,127.3,151.7,23957.0,136.8,133.3,121997.0,0.0,2002,1,1,1,10929.112955
206,141.2,132.0,15515,0.0,172406.0,85.8,50422.0,154.3,0.0,317481.0,165.1,169.7,89.0486,321.3,40.2,132.0,130.2,196.2,149.4,127.3,151.8,25330.0,137.7,133.2,120513.0,0.0,2002,2,1,4,10929.112955
207,141.7,132.8,15443,0.0,167853.0,86.1,47371.0,155.1,0.0,315160.0,165.5,169.9,89.7615,323.7,40.5,132.0,128.5,196.7,149.3,127.8,151.9,24249.0,136.4,133.5,120737.0,0.0,2002,3,1,4,10929.112955
208,143.0,133.8,15392,0.0,171852.0,85.4,49964.0,155.9,0.0,319110.0,166.0,170.1,90.067,324.1,40.6,131.5,132.9,196.7,150.6,127.5,152.0,25393.0,136.0,133.4,123285.0,0.0,2002,4,1,0,10929.112955
209,144.1,133.5,15337,0.0,171854.0,84.9,50680.0,156.3,0.0,321471.0,165.4,170.2,90.5791,324.1,40.6,130.9,138.1,195.1,149.0,127.7,153.0,25011.0,134.9,133.4,124424.0,0.0,2002,5,1,2,10929.112955
210,146.2,133.6,15298,0.0,166070.0,84.8,48847.0,157.0,0.0,316320.0,166.0,170.2,91.5003,325.7,40.7,131.3,137.4,195.1,150.0,127.7,153.1,23810.0,134.4,133.1,124490.0,0.0,2002,6,1,5,10929.112955
211,153.4,133.6,15256,0.0,174282.0,84.8,49531.0,158.5,0.0,320937.0,165.5,170.2,91.4028,327.5,40.4,131.5,135.4,195.9,148.8,127.9,153.2,23565.0,131.3,133.0,123173.0,0.0,2002,7,1,0,10929.112955
212,154.2,133.7,15171,0.0,177126.0,84.6,51112.0,158.6,0.0,326896.0,165.9,170.2,91.4704,328.1,40.5,131.3,136.3,198.8,149.6,128.1,153.9,23643.0,130.3,133.0,125665.0,0.0,2002,8,1,3,10929.112955
213,154.3,135.0,15119,0.0,166838.0,84.6,48089.0,158.7,0.0,319466.0,166.3,170.4,91.57,329.1,40.5,136.1,136.4,199.9,149.2,128.0,153.1,21537.0,130.4,133.1,127454.0,0.0,2002,9,1,6,10929.112955
214,156.6,135.6,15060,0.0,169134.0,84.3,49106.0,159.6,0.0,320658.0,166.2,170.4,91.2756,331.3,40.3,131.6,138.8,202.4,150.3,128.7,153.4,21460.0,139.0,133.0,127921.0,0.0,2002,10,1,1,10929.112955
215,155.1,134.6,14992,0.0,170023.0,84.3,49620.0,159.7,0.0,322463.0,166.7,167.2,91.7625,331.6,40.4,131.6,139.1,200.5,150.4,128.7,153.5,23049.0,136.5,133.0,127259.0,0.0,2002,11,1,4,10929.112955
216,153.9,134.0,14912,0.0,163962.0,83.0,48744.0,159.3,0.0,316933.0,166.0,167.2,91.1347,333.2,40.5,132.6,136.2,200.6,152.5,128.8,153.5,22776.0,135.0,133.3,127885.0,0.0,2002,12,1,6,10929.112955
217,157.8,135.7,14866,0.0,169994.0,82.8,48896.0,160.9,0.0,323882.0,166.6,170.0,91.9314,336.2,40.3,133.9,137.0,200.6,152.6,128.8,154.0,22955.0,135.7,133.6,130435.0,0.0,2003,1,1,2,11456.442041
218,164.2,137.6,14781,0.0,174113.0,82.4,49128.0,162.3,0.0,330320.0,167.2,170.0,91.8045,337.1,40.3,134.5,133.4,201.3,152.2,129.2,154.0,23152.0,135.8,133.7,131374.0,0.0,2003,2,1,5,11456.442041
219,172.7,138.7,14721,0.0,172245.0,82.4,51757.0,165.2,0.0,330437.0,167.5,170.2,91.8943,338.5,40.4,134.8,131.9,201.2,152.2,129.5,154.1,22826.0,138.5,133.6,132409.0,0.0,2003,3,1,5,11456.442041
220,176.3,136.3,14609,0.0,169347.0,82.6,49199.0,166.7,0.0,321380.0,168.6,171.1,91.2369,339.9,40.1,135.1,134.8,201.1,152.4,129.5,153.9,23420.0,134.0,133.6,127448.0,0.0,2003,4,1,1,11456.442041
221,175.4,135.8,14557,0.0,171542.0,82.7,50849.0,165.8,0.0,324549.0,168.9,171.3,91.2911,340.9,40.2,135.7,132.2,201.4,150.6,129.7,154.4,24063.0,133.6,133.6,128937.0,0.0,2003,5,1,3,11456.442041
222,171.3,136.3,14493,0.0,173507.0,82.1,49941.0,165.0,0.0,328625.0,169.0,171.8,91.7192,343.4,40.3,137.1,133.3,201.1,152.5,129.9,154.4,23387.0,132.0,134.0,131070.0,0.0,2003,6,1,6,11456.442041
223,166.9,136.4,14402,0.0,173320.0,82.1,49408.0,164.5,0.0,329530.0,169.8,172.0,92.0878,345.2,40.1,137.0,131.8,200.9,149.7,129.9,154.5,23871.0,131.6,134.0,134069.0,0.0,2003,7,1,1,11456.442041
224,164.6,137.0,14376,0.0,173044.0,80.0,50447.0,164.2,0.0,330322.0,170.0,172.0,91.709,345.4,40.2,137.8,134.2,200.4,150.9,130.0,153.1,24607.0,132.0,133.8,132024.0,0.0,2003,8,1,4,11456.442041
225,166.2,137.1,14347,0.0,178690.0,79.1,51971.0,164.8,0.0,336048.0,169.9,172.5,92.54,347.5,40.5,139.0,138.2,200.3,150.0,129.9,153.5,25217.0,130.5,133.8,134769.0,0.0,2003,9,1,0,11456.442041
226,167.6,138.2,14334,0.0,183704.0,79.1,51088.0,165.2,0.0,342054.0,170.0,172.6,92.6163,347.9,40.6,141.8,137.0,198.7,150.1,130.3,153.9,26376.0,140.7,133.7,134986.0,0.0,2003,10,1,2,11456.442041
227,166.2,137.7,14316,0.0,181685.0,79.3,52318.0,165.0,0.0,339229.0,170.7,172.6,93.4626,348.0,40.9,141.5,136.3,198.4,150.7,130.6,154.1,24876.0,139.0,134.3,133946.0,0.0,2003,11,1,5,11456.442041
228,164.8,137.7,14300,100.0,181513.0,78.4,53325.0,165.3,100.0,340507.0,170.7,172.9,93.4216,350.1,40.7,141.1,137.6,198.5,149.9,130.4,154.5,26323.0,137.6,134.1,134228.0,100.0,2003,12,1,0,11456.442041
229,169.0,138.9,14290,100.9,178696.0,77.7,50190.0,167.0,100.2,339193.0,171.6,173.4,93.3571,354.8,40.9,139.3,138.0,198.5,151.2,130.6,154.3,24374.0,137.4,137.3,135221.0,101.8,2004,1,1,3,12217.193198
230,172.9,139.3,14279,101.7,181662.0,78.4,51210.0,167.9,100.3,341261.0,171.5,173.7,94.042,354.6,41.0,140.4,143.0,197.6,149.7,130.8,154.1,24571.0,136.8,137.4,135911.0,104.4,2004,2,1,6,12217.193198
231,174.7,140.3,14287,101.7,190869.0,78.1,54995.0,168.8,100.1,354358.0,173.2,174.6,94.0007,355.3,40.9,142.4,144.4,197.1,151.3,132.0,154.5,25899.0,137.1,137.2,138786.0,107.1,2004,3,1,0,12217.193198
232,179.1,141.8,14315,102.4,184368.0,78.8,52065.0,169.7,99.9,349488.0,173.4,176.0,94.312,359.4,40.7,146.1,149.0,195.8,152.9,133.5,154.7,24683.0,135.9,137.6,138575.0,100.9,2004,4,1,3,12217.193198
233,180.4,143.3,14342,103.0,183459.0,78.3,52405.0,170.3,100.0,351373.0,173.2,177.3,94.9846,359.9,41.1,149.1,151.7,200.3,153.5,135.3,154.7,25327.0,136.2,138.2,139698.0,107.4,2004,5,1,5,12217.193198
234,185.7,142.9,14332,103.6,185640.0,78.5,53213.0,171.6,99.7,354635.0,174.4,177.3,94.2763,361.3,40.8,148.6,157.2,207.0,153.5,136.6,154.8,24662.0,136.2,138.3,140595.0,109.5,2004,6,1,1,12217.193198
235,189.2,143.2,14330,103.7,186835.0,78.5,53699.0,172.2,100.0,356710.0,174.8,177.2,95.0968,361.2,40.8,146.5,163.5,207.6,156.3,137.1,155.3,23513.0,132.8,139.0,137739.0,114.8,2004,7,1,3,12217.193198
236,195.2,143.7,14345,105.0,183728.0,78.3,51950.0,173.8,100.1,355629.0,175.3,178.2,95.5339,361.9,40.8,144.6,168.7,215.7,155.8,137.6,155.4,23646.0,132.4,139.1,142413.0,111.1,2004,8,1,6,12217.193198
237,203.8,144.2,14331,106.4,188444.0,78.2,56227.0,175.5,100.3,361042.0,175.8,178.5,95.61,362.3,40.7,143.8,171.2,218.8,155.7,139.0,155.7,25956.0,131.5,139.9,142384.0,111.1,2004,9,1,2,12217.193198
238,212.2,146.5,14332,107.0,185187.0,78.3,53948.0,177.2,100.1,364476.0,177.2,178.8,96.6134,362.1,40.6,143.5,169.9,218.7,155.9,137.9,156.1,25080.0,142.0,139.8,146824.0,111.2,2004,10,1,4,12217.193198
239,219.4,146.1,14307,107.5,192545.0,78.0,55318.0,179.3,100.2,373177.0,178.0,180.5,96.5954,363.2,40.5,143.3,169.7,218.7,153.7,137.6,155.8,24707.0,139.9,140.0,149822.0,108.3,2004,11,1,0,12217.193198
240,222.1,145.0,14287,107.7,193578.0,78.1,56631.0,180.5,100.5,373419.0,178.3,182.5,97.3759,365.2,40.6,144.2,170.1,219.0,154.6,138.0,156.4,25105.0,139.5,140.3,147719.0,112.4,2004,12,1,2,12217.193198
241,226.6,146.2,14257,110.3,194875.0,77.7,57884.0,182.7,100.7,378937.0,180.7,185.0,97.9992,369.2,40.7,144.7,173.6,216.9,158.2,138.1,156.6,25188.0,139.8,141.7,149256.0,116.3,2005,1,1,5,13039.199193
242,226.9,147.0,14273,111.2,196475.0,77.5,57580.0,183.4,100.9,381880.0,183.8,185.8,98.9195,370.5,40.7,145.0,175.0,216.9,158.1,142.9,156.8,25326.0,137.4,142.8,151286.0,109.5,2005,2,1,1,13039.199193
243,229.1,148.9,14269,112.0,186608.0,77.2,56576.0,184.7,101.4,374642.0,184.4,190.0,98.4306,370.7,40.4,146.0,176.7,216.8,159.9,143.8,156.8,25735.0,136.8,143.2,152261.0,113.5,2005,3,1,1,13039.199193
244,230.6,149.6,14250,112.8,194847.0,76.9,58138.0,185.9,101.7,385450.0,185.1,190.7,98.8366,372.1,40.4,146.3,175.5,216.8,161.3,144.7,157.5,24351.0,136.5,143.2,155253.0,112.6,2005,4,1,4,13039.199193
245,226.3,149.4,14256,113.4,206623.0,76.6,57105.0,185.8,101.5,395916.0,186.8,191.8,99.1139,375.8,40.4,147.1,178.9,217.9,160.2,144.7,158.4,24635.0,135.8,143.5,154722.0,115.6,2005,5,1,6,13039.199193
246,219.9,149.6,14227,113.8,210020.0,76.4,58903.0,185.3,101.5,400506.0,187.3,192.7,99.3489,377.7,40.4,146.4,183.4,217.7,162.7,145.6,158.2,26798.0,132.6,143.8,155614.0,114.8,2005,6,1,2,13039.199193
247,218.7,151.0,14226,115.8,194475.0,76.6,57606.0,186.3,101.7,386590.0,187.8,193.3,99.0157,384.6,40.4,146.3,184.1,216.8,159.5,145.9,154.1,23857.0,132.8,143.8,156154.0,113.1,2005,7,1,4,13039.199193
248,217.1,151.8,14203,116.1,204839.0,76.8,60352.0,186.4,101.7,401287.0,188.1,193.4,99.5702,385.6,40.5,146.0,193.1,216.4,160.0,145.9,155.0,26049.0,131.7,144.1,161824.0,116.5,2005,8,1,0,13039.199193
249,223.0,154.2,14175,117.0,203997.0,76.2,58344.0,187.7,101.7,404154.0,188.3,194.1,98.4303,382.3,40.7,146.3,194.7,213.1,159.9,147.2,154.8,24689.0,131.9,144.2,166811.0,116.3,2005,9,1,3,13039.199193
250,238.6,156.6,14192,117.4,209901.0,75.9,59751.0,191.2,101.8,409487.0,188.8,195.1,99.9001,382.4,41.0,146.7,197.9,212.9,161.8,147.7,155.1,24296.0,137.8,145.1,164383.0,130.5,2005,10,1,5,13039.199193
251,244.3,152.7,14187,118.9,220733.0,75.2,60459.0,193.6,102.3,421486.0,191.9,200.3,100.8458,386.6,40.9,146.1,199.4,215.0,162.3,147.4,156.4,25067.0,134.8,145.2,162238.0,129.4,2005,11,1,1,13039.199193
252,241.2,152.8,14193,118.9,221499.0,74.9,61271.0,193.9,102.4,422981.0,193.1,201.8,100.9394,387.0,40.8,146.2,206.8,217.4,160.9,147.8,157.4,25292.0,132.9,145.2,163990.0,131.5,2005,12,1,3,13039.199193
253,240.0,154.1,14210,123.3,209540.0,74.6,62469.0,195.7,103.0,415824.0,194.5,202.5,101.7622,391.3,41.0,146.4,210.1,217.3,163.1,148.7,159.9,25290.0,133.7,145.7,167243.0,126.0,2006,1,1,6,13815.586948
254,236.4,153.5,14209,124.3,219738.0,74.3,62592.0,196.2,103.0,421074.0,196.8,204.8,101.4658,394.7,41.0,145.1,218.8,216.6,165.0,152.8,159.0,26526.0,133.7,145.6,162922.0,127.6,2006,2,1,2,13815.586948
255,235.4,155.0,14214,124.8,227188.0,74.6,65096.0,196.2,103.3,430457.0,200.4,205.6,101.4176,396.0,41.1,145.2,222.6,227.0,165.5,152.5,158.5,28871.0,133.4,146.0,165535.0,124.9,2006,3,1,2,13815.586948
256,231.6,157.2,14226,125.7,214625.0,75.0,63272.0,195.7,103.3,418625.0,200.5,206.3,101.7898,395.1,41.2,144.1,225.4,222.9,165.8,153.5,159.1,28248.0,132.3,146.3,165064.0,122.7,2006,4,1,5,13815.586948
257,232.6,158.5,14203,126.4,215819.0,75.2,64145.0,196.6,103.8,423472.0,201.3,209.1,101.5625,400.1,41.1,144.7,232.0,224.3,165.6,154.6,159.4,26587.0,132.0,146.3,169705.0,122.2,2006,5,1,0,13815.586948
258,235.1,159.5,14213,126.6,221220.0,75.1,63601.0,197.2,104.0,427440.0,201.6,210.4,101.9031,399.1,41.2,146.4,231.1,232.3,166.7,159.2,160.7,27806.0,130.6,147.1,168231.0,120.9,2006,6,1,3,13815.586948
259,235.8,159.4,14188,127.8,209494.0,75.3,63922.0,197.6,103.8,416849.0,201.4,211.2,101.6034,400.2,41.3,147.4,236.1,233.5,166.2,160.1,161.5,27889.0,123.7,149.6,164909.0,118.9,2006,7,1,5,13815.586948
260,238.7,159.8,14159,127.9,210473.0,75.3,64379.0,197.8,104.0,418759.0,201.7,212.0,102.4112,399.5,41.2,147.5,242.4,236.9,168.8,160.8,161.8,27522.0,125.7,150.7,166536.0,120.1,2006,8,1,1,13815.586948
261,239.9,156.8,14125,128.1,234701.0,75.8,66981.0,197.9,103.9,435776.0,202.2,212.5,102.4877,399.8,41.1,147.9,236.5,238.9,169.8,162.1,163.3,28459.0,126.5,150.9,159473.0,115.3,2006,9,1,4,13815.586948
262,238.3,155.9,14075,127.9,216952.0,75.5,66492.0,197.2,103.8,415798.0,202.9,216.2,102.0098,398.7,41.1,147.6,232.6,239.3,170.2,164.8,163.3,26844.0,129.4,151.3,158589.0,127.4,2006,10,1,6,13815.586948
263,234.3,156.4,14041,128.4,224809.0,75.4,66484.0,196.5,104.2,426451.0,203.1,216.3,102.1152,398.8,41.0,149.0,225.7,239.3,169.8,164.6,164.2,29456.0,135.0,151.6,161288.0,115.6,2006,11,1,2,13815.586948
264,227.6,156.9,14015,128.6,229243.0,75.6,65935.0,197.0,104.6,437894.0,203.5,216.5,103.6789,401.6,41.1,149.8,222.4,250.4,173.2,164.2,164.9,28059.0,133.8,151.4,168094.0,134.6,2006,12,1,4,13815.586948
265,224.5,156.4,14008,130.4,222969.0,75.4,64155.0,197.3,105.2,427905.0,204.1,220.4,103.2709,405.9,41.0,151.6,217.2,250.4,175.2,166.8,166.2,26084.0,132.8,152.6,163494.0,112.6,2007,1,1,0,14474.226905
266,222.4,157.7,13997,130.6,220962.0,72.6,63735.0,198.1,105.5,430410.0,205.3,222.2,103.6517,407.8,40.9,153.8,211.4,249.2,177.1,169.0,170.2,28525.0,132.5,153.1,167361.0,117.0,2007,2,1,3,14474.226905
267,224.0,160.1,13970,131.2,229526.0,71.6,66936.0,199.4,105.5,442158.0,208.8,223.2,104.5857,409.2,41.3,155.8,208.6,249.2,178.4,169.2,170.7,24998.0,131.9,153.5,170197.0,120.7,2007,3,1,3,14474.226905
268,228.8,162.2,13945,131.7,233420.0,71.5,66118.0,201.1,105.6,446596.0,209.0,224.7,105.2798,410.8,41.3,156.9,206.4,249.2,179.1,170.0,171.8,26997.0,130.5,154.4,171494.0,125.2,2007,4,1,6,14474.226905
269,230.0,163.8,13929,131.8,228836.0,70.7,64975.0,201.9,105.7,445891.0,209.2,224.7,105.2647,411.0,41.1,158.7,196.0,249.2,179.1,171.5,172.9,28272.0,130.1,154.7,174262.0,126.1,2007,5,1,1,14474.226905
270,231.8,163.7,13911,131.8,228868.0,71.0,64874.0,202.8,105.9,446539.0,209.6,225.7,105.6801,411.6,41.4,160.3,193.3,248.3,179.2,172.6,167.4,26272.0,129.8,155.0,174004.0,127.4,2007,6,1,4,14474.226905
271,233.5,164.9,13889,132.1,233176.0,69.8,64902.0,203.6,106.1,450464.0,209.9,227.3,105.7557,413.0,41.3,160.4,171.1,248.3,179.6,174.4,167.5,26859.0,129.2,155.5,174450.0,127.9,2007,7,1,6,14474.226905
272,234.4,163.0,13828,132.1,235758.0,69.1,66265.0,204.9,106.0,452598.0,209.8,227.5,105.5295,417.5,41.3,160.3,163.8,248.0,177.7,175.2,167.5,28016.0,128.2,155.8,173350.0,123.9,2007,8,1,2,14474.226905
273,233.4,163.7,13790,132.3,226473.0,68.5,65393.0,205.0,106.2,448633.0,210.0,227.6,105.8948,418.7,41.3,160.8,159.7,248.4,181.7,175.4,167.8,27589.0,126.6,155.7,176624.0,122.4,2007,9,1,5,14474.226905
274,237.0,164.5,13764,132.4,230700.0,67.8,64974.0,206.4,105.9,458907.0,210.2,227.5,105.7554,419.4,41.2,160.7,156.2,253.0,181.3,176.1,167.8,27360.0,134.1,155.6,181878.0,121.7,2007,10,1,0,14474.226905
275,243.5,168.0,13757,132.8,227005.0,67.5,65466.0,209.2,106.0,464910.0,210.6,227.7,106.3892,420.2,41.3,161.4,150.5,255.6,182.1,176.5,168.7,26942.0,134.8,155.2,190642.0,126.0,2007,11,1,3,14474.226905
276,245.8,166.9,13746,133.2,244443.0,66.9,68096.0,210.4,105.9,481274.0,211.5,228.1,106.4737,420.9,41.1,162.8,147.2,255.6,182.5,177.3,168.8,27226.0,132.9,155.5,189543.0,129.0,2007,12,1,5,14474.226905
277,250.0,168.5,13725,133.9,239389.0,66.7,68408.0,213.6,107.4,478676.0,212.6,230.1,106.2347,427.0,41.1,165.8,147.6,255.7,180.9,177.3,169.0,27824.0,133.6,156.9,191066.0,130.1,2008,1,1,1,14769.857911
278,250.2,169.6,13696,134.0,235037.0,66.7,66568.0,215.8,106.7,473714.0,216.5,233.2,105.4327,433.1,41.2,167.5,147.3,255.8,183.3,181.1,174.6,27257.0,133.5,157.1,192065.0,128.9,2008,2,1,4,14769.857911
279,250.6,173.4,13659,134.3,234868.0,66.7,66526.0,218.4,107.5,473829.0,216.3,240.7,104.9422,434.0,41.3,169.8,144.4,255.8,183.7,179.9,178.4,26952.0,132.1,157.8,189336.0,135.9,2008,3,1,5,14769.857911
280,251.3,175.3,13599,135.4,231086.0,66.6,69373.0,221.1,106.8,477888.0,217.7,242.3,103.8964,437.7,41.2,171.2,149.1,255.8,185.3,180.8,178.4,27245.0,133.1,159.8,196647.0,137.7,2008,4,1,1,14769.857911
281,256.1,179.4,13564,136.0,227370.0,66.6,68443.0,224.5,107.4,477706.0,217.7,242.7,103.3681,439.2,41.0,174.0,148.8,254.8,184.8,181.5,183.5,27941.0,132.2,162.8,198580.0,137.5,2008,5,1,3,14769.857911
282,258.6,182.0,13504,136.2,229262.0,66.6,67754.0,228.5,107.5,485010.0,218.1,244.8,102.6801,439.0,41.1,176.1,147.5,254.8,186.7,183.3,183.5,27929.0,129.5,164.1,202913.0,148.9,2008,6,1,6,14769.857911
283,269.8,185.6,13430,136.9,220411.0,66.2,67856.0,234.5,108.8,477725.0,220.3,246.9,101.5866,441.6,41.0,180.3,150.9,254.8,188.5,185.1,193.6,25458.0,128.2,165.5,202777.0,151.0,2008,7,1,1,14769.857911
284,274.4,182.6,13358,136.9,214106.0,66.0,66142.0,238.2,109.5,463929.0,226.9,247.8,100.2909,442.9,40.9,180.5,156.9,263.7,191.1,184.7,193.6,26089.0,129.1,168.0,195050.0,156.8,2008,8,1,4,14769.857911
285,269.5,182.9,13275,137.6,215245.0,65.8,63854.0,240.4,109.8,452545.0,228.7,248.5,96.7426,445.3,40.5,179.2,157.0,275.6,190.7,184.7,193.6,26400.0,128.7,168.6,187619.0,146.6,2008,9,1,0,14769.857911
286,264.8,176.8,13147,138.3,191912.0,66.1,59330.0,239.3,110.1,419715.0,230.4,249.0,96.1906,446.2,40.5,176.4,158.3,277.4,191.8,184.6,204.2,23958.0,139.4,168.8,176804.0,140.4,2008,10,1,2,14769.857911
287,239.1,169.4,13034,138.6,181552.0,65.8,60759.0,234.5,111.1,386733.0,236.4,249.9,93.7687,448.9,40.1,173.4,160.4,277.4,191.0,186.0,205.3,25442.0,137.7,170.0,160028.0,139.2,2008,11,1,5,14769.857911
288,227.1,164.1,12850,138.8,173849.0,65.4,55512.0,229.7,111.3,365490.0,236.4,250.2,90.5617,453.1,39.8,171.1,160.3,276.4,192.3,186.0,205.3,24007.0,137.6,171.0,149291.0,137.9,2008,12,1,0,14769.857911
289,218.8,164.7,12561,140.7,151085.0,64.8,49530.0,226.7,111.3,343559.0,236.5,249.8,87.6202,457.0,39.7,170.1,161.7,276.2,193.9,186.5,208.7,21324.0,137.0,168.3,150268.0,142.0,2009,1,1,3,14478.064934
290,224.7,163.9,12380,140.2,148834.0,65.0,50163.0,225.1,111.0,343150.0,236.8,250.1,87.6267,459.2,39.6,168.7,160.7,273.4,190.4,186.9,209.5,22732.0,136.8,167.3,150136.0,137.5,2009,2,1,6,14478.064934
291,222.0,162.9,12208,139.3,146323.0,65.3,49254.0,224.6,110.8,333431.0,237.4,250.2,86.0842,462.9,39.3,167.6,159.2,270.6,193.2,187.2,209.9,23032.0,136.0,168.2,145389.0,129.6,2009,3,1,6,14478.064934
292,218.4,164.2,12030,138.9,147467.0,65.4,47096.0,223.6,110.7,334449.0,237.3,249.6,85.5305,465.7,39.4,168.6,160.7,268.7,194.7,187.2,207.9,21268.0,136.7,166.6,146345.0,130.7,2009,4,1,2,14478.064934
293,221.6,165.8,11862,138.5,149255.0,65.5,48652.0,222.8,110.1,339817.0,236.7,250.8,84.6169,466.4,39.3,170.5,156.7,266.8,190.6,187.2,207.7,21614.0,136.1,165.5,147785.0,127.3,2009,5,1,4,14478.064934
294,221.3,168.4,11726,138.3,147033.0,65.4,50533.0,222.4,110.0,345129.0,236.9,246.8,84.4011,468.7,39.6,171.4,156.7,266.3,191.7,187.9,209.8,22222.0,137.9,166.3,153277.0,127.2,2009,6,1,0,14478.064934
295,232.0,167.1,11668,137.9,153691.0,65.6,50984.0,224.1,109.7,348909.0,236.8,249.9,85.8299,471.5,39.9,169.7,151.0,258.5,191.7,187.7,210.8,22050.0,134.6,166.0,151689.0,127.6,2009,7,1,2,14478.064934
296,231.5,169.4,11626,137.2,157489.0,65.5,49900.0,224.0,109.8,355776.0,236.5,246.8,86.8097,472.6,40.0,169.7,153.5,259.5,193.8,187.2,211.0,21340.0,136.1,166.8,155040.0,127.1,2009,8,1,5,14478.064934
297,234.8,168.6,11591,136.8,158041.0,65.5,53034.0,225.1,109.7,359189.0,236.7,246.7,87.6987,473.9,40.1,169.5,150.3,257.0,193.6,187.3,213.1,22631.0,133.8,170.5,157513.0,126.3,2009,9,1,1,14478.064934
298,233.4,168.9,11538,136.2,161097.0,65.6,51978.0,225.0,109.6,366143.0,236.8,246.9,87.7057,475.9,40.2,168.3,145.1,257.0,194.2,187.3,209.5,21899.0,138.3,169.3,161504.0,125.1,2009,10,1,3,14478.064934
299,233.5,170.7,11509,135.9,160419.0,65.7,52771.0,225.4,109.7,369445.0,236.5,246.8,88.6429,476.9,40.5,169.1,143.9,258.7,194.6,187.3,210.1,22262.0,139.5,169.7,164715.0,124.4,2009,11,1,6,14478.064934
300,242.1,170.8,11475,136.1,160520.0,65.4,54616.0,227.3,109.4,371392.0,236.9,246.8,88.5293,479.7,40.6,171.2,142.0,258.2,194.5,187.3,210.2,22004.0,138.1,169.3,167138.0,124.1,2009,12,1,1,14478.064934
301,240.0,173.1,11460,135.9,181016.0,64.6,52331.0,228.7,110.2,393694.0,237.3,246.9,89.5694,488.6,40.9,172.2,141.7,257.6,194.2,188.1,211.2,22392.0,139.3,169.4,168529.0,125.2,2010,1,1,4,15048.964444
302,252.8,172.2,11453,136.0,180450.0,64.7,53488.0,231.3,109.9,394215.0,237.6,247.4,89.5897,490.8,40.5,172.4,141.1,258.6,193.4,188.6,210.0,21631.0,139.0,169.6,165716.0,125.4,2010,2,1,0,15048.964444
303,248.7,173.9,11453,136.1,182148.0,64.7,56487.0,232.0,109.7,400659.0,234.2,246.2,90.8003,492.7,41.0,172.6,141.1,264.9,194.5,188.6,209.1,22797.0,137.8,168.3,169709.0,124.8,2010,3,1,0,15048.964444
304,263.9,175.2,11489,135.3,182948.0,64.6,52283.0,234.1,109.3,400842.0,235.5,246.9,91.6306,492.0,41.1,173.6,148.0,269.3,194.7,189.4,209.3,22672.0,137.2,169.6,168906.0,125.0,2010,4,1,3,15048.964444
305,254.0,176.1,11525,135.2,189932.0,64.6,57262.0,233.4,109.4,404370.0,235.8,247.0,92.8472,492.0,41.4,175.8,157.7,273.1,194.2,189.9,210.2,22218.0,137.3,170.7,166735.0,124.9,2010,5,1,5,15048.964444
306,247.6,174.8,11545,135.3,185667.0,64.2,59605.0,232.6,109.4,400624.0,235.9,247.3,92.8513,492.5,41.0,174.6,161.2,276.5,195.8,190.3,210.0,21992.0,135.4,171.1,167463.0,126.4,2010,6,1,1,15048.964444
307,251.7,174.7,11561,135.3,187506.0,64.3,56474.0,233.5,109.4,402326.0,236.2,246.8,93.3609,497.0,41.1,174.6,159.7,279.1,194.9,190.4,210.3,22231.0,134.8,171.0,168240.0,128.2,2010,7,1,3,15048.964444
308,250.0,175.3,11553,135.0,191745.0,63.8,58224.0,233.7,109.4,408354.0,237.6,246.8,93.5501,497.5,41.2,175.3,153.6,285.0,195.8,190.5,210.5,22976.0,135.0,170.7,169573.0,129.1,2010,8,1,6,15048.964444
309,249.2,175.5,11563,134.9,201932.0,63.5,60134.0,234.6,110.0,422049.0,237.6,247.2,93.6355,499.9,41.4,177.3,151.4,287.7,195.2,190.4,210.4,23547.0,134.5,169.5,172825.0,130.3,2010,9,1,2,15048.964444
310,254.1,177.3,11562,134.8,193066.0,63.2,57479.0,236.3,109.7,417830.0,238.0,247.5,93.6834,502.6,41.2,178.2,147.7,287.7,196.1,190.8,211.1,21199.0,137.7,169.3,176880.0,130.0,2010,10,1,4,15048.964444
311,249.4,178.2,11585,134.9,197202.0,62.2,60405.0,236.8,109.8,426427.0,240.6,246.5,93.7922,502.6,41.3,179.4,143.4,287.7,195.5,191.6,211.0,23319.0,137.0,169.8,179955.0,128.4,2010,11,1,0,15048.964444
312,248.0,179.1,11595,134.9,193452.0,61.9,61939.0,237.6,109.7,429764.0,241.1,248.1,94.2651,501.9,41.3,179.8,144.5,288.1,196.4,191.9,211.7,23852.0,136.4,169.5,187036.0,128.5,2010,12,1,2,15048.964444
313,253.0,181.1,11621,135.0,203636.0,61.9,60963.0,242.6,110.3,445734.0,244.5,248.5,94.3664,514.1,41.0,181.1,142.7,288.7,194.4,193.7,212.7,23892.0,137.0,170.5,190908.0,130.3,2011,1,1,5,15599.728123
314,259.7,183.3,11654,134.9,196393.0,62.2,59078.0,245.0,110.4,438975.0,244.3,249.3,94.5685,515.1,41.4,184.6,138.9,288.2,195.4,195.4,212.2,23634.0,137.0,172.5,192164.0,128.4,2011,2,1,1,15599.728123
315,264.7,187.3,11675,134.7,212748.0,62.1,62497.0,247.6,110.3,463133.0,248.1,249.4,95.2124,514.3,41.4,187.8,149.8,287.7,198.3,196.9,211.9,22813.0,136.7,172.7,199519.0,128.3,2011,3,1,1,15599.728123
316,271.0,190.2,11704,134.6,200733.0,62.0,61562.0,250.2,110.3,454441.0,248.3,251.0,94.6472,514.9,41.4,190.8,150.1,287.6,198.8,197.9,212.7,23190.0,137.4,174.8,199251.0,132.0,2011,4,1,4,15599.728123
317,282.6,191.9,11713,135.0,207170.0,62.0,63711.0,252.8,110.5,458536.0,248.9,251.9,94.6682,514.1,41.5,191.2,146.3,287.6,198.5,198.2,214.1,23217.0,136.7,175.8,196188.0,133.5,2011,5,1,6,15599.728123
318,281.9,191.1,11727,135.0,201579.0,62.1,63751.0,253.4,110.4,454746.0,249.2,254.6,94.7599,512.5,41.4,191.8,154.2,286.3,199.3,200.5,215.0,23336.0,136.9,175.9,198665.0,135.8,2011,6,1,2,15599.728123
319,280.5,191.7,11746,135.2,206458.0,61.8,64756.0,255.1,111.1,459477.0,250.0,255.4,95.3321,517.1,41.5,193.4,151.4,292.2,200.0,201.0,213.2,22682.0,136.7,176.6,199517.0,137.6,2011,7,1,4,15599.728123
320,276.6,190.7,11764,135.0,216705.0,61.6,64464.0,255.2,111.3,468947.0,250.3,255.5,95.7869,521.0,41.4,195.5,148.2,286.4,199.5,201.2,212.0,23767.0,136.5,178.0,196954.0,135.2,2011,8,1,0,15599.728123
321,279.2,191.5,11769,135.2,204738.0,60.9,65581.0,256.7,111.3,457843.0,251.1,256.2,96.0685,522.8,41.4,196.4,151.6,286.4,199.2,202.8,213.2,23688.0,135.7,178.0,198403.0,135.7,2011,9,1,3,15599.728123
322,273.7,190.2,11780,134.8,210799.0,61.1,67427.0,255.9,111.7,463126.0,252.5,256.2,96.587,522.5,41.5,194.4,150.3,286.6,198.2,204.2,211.6,23904.0,140.6,177.1,199911.0,134.2,2011,10,1,5,15599.728123
323,276.0,190.6,11770,135.4,215531.0,60.7,64660.0,255.6,111.8,471598.0,252.9,256.3,96.4209,523.6,41.5,194.8,150.3,287.5,198.6,204.4,210.2,23401.0,140.7,177.2,202918.0,132.8,2011,11,1,1,15599.728123
324,271.1,189.6,11802,135.6,223835.0,60.2,68881.0,254.7,112.2,478391.0,253.5,256.4,97.0218,525.1,41.6,194.2,150.7,287.4,197.8,205.9,211.5,23424.0,140.3,177.2,200795.0,133.7,2011,12,1,3,15599.728123
325,275.9,191.1,11838,136.5,225182.0,59.7,67658.0,258.4,112.3,480643.0,266.1,257.5,97.9284,541.0,41.8,194.9,162.1,287.4,197.8,206.4,207.5,23017.0,141.0,177.4,201786.0,134.7,2012,1,1,6,16253.97223
326,279.6,192.1,11860,136.8,227597.0,59.8,69902.0,259.7,112.5,488152.0,267.0,257.9,98.3492,541.0,41.8,194.9,173.5,287.3,199.2,207.2,208.3,23903.0,140.4,177.4,207253.0,134.9,2012,2,1,2,16253.97223
327,283.4,194.3,11898,137.1,219960.0,59.7,69522.0,261.7,112.7,478609.0,268.9,258.4,97.8244,540.9,41.6,195.7,173.6,287.3,198.4,208.9,208.9,22737.0,140.3,177.2,204335.0,134.9,2012,3,1,3,16253.97223
328,283.9,194.7,11916,137.2,218414.0,59.8,67518.0,262.0,112.7,473998.0,269.5,260.7,98.3617,540.3,41.7,196.0,171.3,287.3,199.1,209.4,209.1,23232.0,140.6,177.6,203414.0,136.7,2012,4,1,6,16253.97223
329,283.1,193.6,11927,137.4,219076.0,60.0,69183.0,262.0,112.9,472231.0,270.1,261.0,98.0749,541.9,41.6,196.6,173.8,287.3,199.1,209.4,210.8,23445.0,139.7,177.9,202409.0,133.8,2012,5,1,1,16253.97223
330,280.3,191.7,11936,137.2,218755.0,59.7,67129.0,259.6,112.9,463523.0,270.4,261.4,98.3996,541.3,41.7,197.1,179.1,287.3,198.6,209.6,212.9,21345.0,140.1,178.3,195329.0,135.0,2012,6,1,4,16253.97223
331,277.0,191.2,11964,137.6,225223.0,59.6,65294.0,259.6,112.8,474847.0,270.6,261.8,98.263,550.3,41.7,198.2,178.4,287.3,199.0,209.7,213.1,21585.0,140.9,177.9,198779.0,135.9,2012,7,1,6,16253.97223
332,277.5,193.5,11960,137.8,200423.0,59.4,63721.0,260.2,113.6,456164.0,270.9,261.9,98.1349,553.3,41.5,200.6,179.0,284.2,199.1,209.8,212.2,21016.0,140.8,177.9,203479.0,135.4,2012,8,1,2,16253.97223
333,274.0,195.4,11954,137.9,217241.0,59.3,63976.0,259.9,113.7,475331.0,270.7,261.9,97.9375,552.0,41.5,202.1,176.5,284.2,199.2,210.4,211.0,20898.0,139.6,178.0,204832.0,138.9,2012,9,1,5,16253.97223
334,276.9,195.1,11961,138.2,219017.0,59.3,65937.0,260.8,113.7,478923.0,270.8,261.9,97.784,553.9,41.5,202.4,174.3,290.2,199.2,212.1,212.7,21154.0,143.9,178.1,205872.0,138.4,2012,10,1,0,16253.97223
335,276.9,192.6,11950,138.5,214689.0,59.1,66473.0,259.9,114.2,473540.0,271.1,262.3,98.4044,553.4,41.5,202.6,175.7,298.9,199.3,212.0,213.6,21097.0,144.1,178.0,204693.0,140.9,2012,11,1,3,16253.97223
336,276.3,191.8,11960,139.1,230992.0,58.8,66630.0,259.3,114.0,488766.0,271.3,262.3,99.1269,553.8,41.7,201.7,175.5,304.0,199.3,212.7,213.4,21992.0,143.6,177.8,204529.0,140.1,2012,12,1,5,16253.97223
337,283.1,192.6,11983,140.0,222797.0,58.9,69758.0,262.8,114.4,484894.0,273.2,263.5,98.8816,571.6,41.6,200.6,197.7,306.3,201.2,212.9,213.1,21143.0,143.4,177.8,207632.0,140.1,2013,1,1,1,16843.190993
338,287.7,195.2,11996,140.1,235952.0,58.9,66190.0,264.7,114.5,503233.0,273.4,263.6,99.366,574.4,41.9,200.6,204.4,308.9,201.2,214.0,212.7,20277.0,143.3,178.2,214880.0,138.7,2013,2,1,4,16843.190993
339,290.9,194.5,11999,140.2,215188.0,58.7,66275.0,265.0,114.8,473239.0,273.3,263.9,99.3249,575.0,41.9,200.9,207.8,303.4,201.2,214.2,213.5,19532.0,142.6,178.2,206432.0,139.4,2013,3,1,4,16843.190993
340,289.4,194.0,12000,141.4,226541.0,59.1,67553.0,265.3,114.7,481548.0,273.5,264.0,98.9805,574.7,41.8,200.6,207.9,304.1,201.2,214.5,213.6,21385.0,142.4,178.6,203305.0,139.9,2013,4,1,0,16843.190993
341,287.1,194.0,12000,141.5,235258.0,59.4,69186.0,265.1,115.4,492711.0,274.0,263.2,99.2802,577.3,41.7,201.7,210.0,310.3,201.2,214.9,214.3,21808.0,141.7,178.2,204949.0,141.0,2013,5,1,2,16843.190993
342,288.1,193.9,12004,141.7,248010.0,59.4,69443.0,265.5,115.5,502485.0,272.9,263.2,99.4436,580.0,41.8,202.7,208.8,314.8,201.2,214.7,214.0,21642.0,141.3,178.0,203138.0,141.0,2013,6,1,5,16843.190993
343,287.1,194.0,11984,142.2,223780.0,59.5,66557.0,265.2,115.6,484427.0,273.9,263.2,98.5984,587.0,41.7,203.2,206.6,320.5,201.2,215.7,215.5,21054.0,140.7,177.8,208249.0,142.0,2013,7,1,0,16843.190993
344,288.2,194.6,12014,142.1,225010.0,59.4,65935.0,263.9,115.5,485244.0,271.8,263.6,99.4279,586.5,41.9,202.3,205.8,321.0,201.1,216.6,214.7,20137.0,140.4,178.4,209116.0,141.6,2013,8,1,3,16843.190993
345,288.8,194.3,12032,142.4,238632.0,59.2,66636.0,262.8,115.6,497588.0,272.6,263.8,99.4861,574.5,41.8,202.4,204.8,325.3,201.1,217.0,215.9,20975.0,140.2,178.4,208245.0,143.2,2013,9,1,6,16843.190993
346,289.2,193.7,12056,142.5,231962.0,59.3,64799.0,262.3,115.0,491886.0,272.9,264.1,99.6678,575.6,41.9,201.0,203.9,326.3,201.4,217.9,216.0,21461.0,144.8,178.4,209318.0,142.2,2013,10,1,1,16843.190993
347,291.3,192.7,12079,142.7,241389.0,59.4,68592.0,261.7,115.3,501796.0,272.7,264.4,99.6727,575.6,42.0,200.3,202.3,326.3,203.1,217.9,218.2,21633.0,145.6,178.8,210955.0,141.9,2013,11,1,4,16843.190993
348,291.5,193.2,12083,142.9,238377.0,59.4,67496.0,262.6,115.5,501033.0,274.0,264.7,99.5066,579.8,41.9,200.7,206.3,326.3,203.1,218.8,217.9,20173.0,146.4,179.0,211333.0,143.7,2013,12,1,6,16843.190993
349,294.7,194.2,12081,144.3,223144.0,58.9,68106.0,266.5,115.8,485538.0,273.6,266.8,98.4046,604.2,41.6,201.4,224.6,326.3,203.5,221.1,217.0,21527.0,146.8,179.7,210811.0,145.7,2014,1,1,2,17550.680174
350,297.8,195.2,12106,145.0,232711.0,58.8,67227.0,267.9,116.3,498158.0,273.7,268.4,99.3521,605.7,41.6,202.3,230.3,326.3,203.7,222.0,217.3,21232.0,146.6,180.3,215240.0,147.3,2014,2,1,5,17550.680174
351,300.0,196.2,12120,145.4,233153.0,58.8,68502.0,268.1,116.5,495345.0,275.3,267.8,100.2411,605.1,42.0,205.9,229.5,326.2,200.1,222.7,220.1,21491.0,145.5,180.5,212416.0,150.1,2014,3,1,5,17550.680174
352,301.1,197.5,12134,146.3,237372.0,58.7,66341.0,269.9,116.5,501214.0,275.7,267.5,100.2186,604.2,41.9,210.9,220.1,327.4,200.7,222.9,219.8,21631.0,145.2,180.4,213553.0,151.8,2014,4,1,1,17550.680174
353,300.5,197.2,12146,146.3,232959.0,58.7,65817.0,269.5,116.3,493978.0,275.5,267.5,100.5074,605.7,42.1,211.0,217.7,327.8,200.0,221.6,219.4,20753.0,144.4,182.6,211651.0,149.7,2014,5,1,3,17550.680174
354,298.2,197.2,12170,147.0,240181.0,58.7,69872.0,270.0,116.6,501164.0,275.6,267.6,100.841,612.2,42.1,211.8,222.2,327.7,199.1,222.8,219.8,21947.0,143.8,181.0,211284.0,148.3,2014,6,1,6,17550.680174
355,300.2,197.4,12189,147.5,303162.0,58.8,67931.0,271.1,117.0,562533.0,275.8,267.7,101.3987,616.7,42.0,212.9,223.8,327.7,199.9,222.8,219.4,21247.0,143.6,181.2,211285.0,148.7,2014,7,1,1,17550.680174
356,302.8,197.4,12208,148.6,236666.0,58.7,68554.0,271.0,117.4,495828.0,275.7,267.8,100.8009,617.5,42.0,212.9,221.0,327.6,199.4,223.0,220.8,21650.0,143.4,181.2,209227.0,148.9,2014,8,1,4,17550.680174
357,305.0,196.8,12226,149.1,237534.0,58.8,69426.0,271.4,117.5,494092.0,276.2,268.2,100.8722,617.1,42.1,212.6,219.6,327.5,199.4,223.0,222.5,21281.0,142.6,181.3,207070.0,146.4,2014,9,1,0,17550.680174
358,307.1,194.8,12259,149.6,232089.0,58.8,65645.0,270.4,116.8,484393.0,276.0,268.0,100.7754,621.1,42.1,211.8,221.3,326.5,199.5,224.6,223.2,20681.0,148.0,182.0,204078.0,148.2,2014,10,1,2,17550.680174
359,303.2,192.7,12284,150.0,226155.0,58.7,63854.0,267.7,117.0,474757.0,275.8,268.0,101.4676,620.9,42.2,210.0,219.3,326.5,199.5,224.6,223.4,19745.0,147.8,181.7,200086.0,150.3,2014,11,1,5,17550.680174
360,295.7,189.1,12292,150.4,225835.0,58.7,65875.0,266.5,117.5,465733.0,276.1,268.3,101.2936,628.8,42.1,208.5,221.0,326.4,199.5,224.6,224.0,19890.0,146.3,187.7,194053.0,150.0,2014,12,1,0,17550.680174
361,285.4,185.0,12292,151.7,224061.0,58.7,64666.0,265.1,118.8,455570.0,274.9,268.4,100.708,645.3,42.0,205.1,231.1,321.9,199.5,224.8,220.1,19611.0,147.8,188.8,184985.0,150.7,2015,1,1,3,18206.020741
362,280.8,185.4,12301,152.2,218966.0,58.7,64257.0,264.8,118.5,453775.0,274.6,267.9,99.9655,646.1,42.0,202.5,235.9,321.8,199.9,225.1,221.0,19500.0,149.4,188.7,189601.0,150.4,2015,2,1,6,18206.020741
363,274.0,186.2,12312,152.5,227573.0,58.6,64721.0,263.5,118.9,460854.0,272.4,268.2,100.2806,646.2,41.8,201.8,230.1,321.7,199.9,226.4,223.5,21158.0,149.2,188.7,191856.0,151.3,2015,3,1,6,18206.020741
364,273.2,185.7,12318,154.0,224339.0,58.6,64152.0,264.4,118.9,458444.0,272.6,268.1,100.2455,645.8,41.8,201.2,226.9,322.4,199.9,226.8,221.0,20550.0,148.7,188.3,191354.0,150.2,2015,4,1,2,18206.020741
365,274.1,188.2,12333,153.7,217332.0,58.7,62533.0,265.3,119.9,450554.0,272.5,269.7,100.2375,649.1,41.8,202.6,226.8,322.3,199.9,227.0,221.6,20094.0,148.5,190.5,191287.0,150.7,2015,5,1,4,18206.020741
366,275.6,188.9,12334,153.7,232766.0,58.3,63930.0,268.2,121.1,466847.0,272.6,269.6,99.8551,669.5,41.8,204.6,224.0,322.3,200.1,227.2,218.9,20834.0,148.1,190.8,192741.0,146.4,2015,6,1,0,18206.020741
367,273.8,188.5,12349,153.7,230189.0,58.4,63774.0,267.3,121.7,462042.0,272.9,267.5,100.5954,669.9,41.8,203.5,222.3,322.2,198.0,227.5,222.9,20857.0,148.5,190.2,191949.0,150.6,2015,7,1,2,18206.020741
368,270.7,187.0,12345,153.9,222647.0,58.2,63370.0,266.5,122.3,450712.0,272.3,267.4,100.234,670.4,41.8,203.5,221.1,322.2,198.4,227.3,220.4,20550.0,147.4,190.3,187903.0,154.0,2015,8,1,5,18206.020741
369,264.5,184.3,12354,154.1,218738.0,58.1,63318.0,264.5,122.2,444408.0,271.6,267.2,100.0236,670.8,41.8,201.4,220.3,322.1,199.2,227.3,221.1,20457.0,147.2,190.9,186531.0,150.5,2015,9,1,1,18206.020741
370,261.4,183.7,12362,154.4,226032.0,58.1,63051.0,263.2,122.4,450612.0,271.2,267.2,99.8928,670.8,41.8,199.5,222.7,322.0,198.7,228.5,221.0,20227.0,150.7,191.3,184885.0,150.9,2015,10,1,3,18206.020741
371,260.2,182.9,12357,154.8,223223.0,58.1,62049.0,262.6,122.4,444829.0,271.4,266.9,99.578,671.1,41.8,198.1,220.6,321.8,198.9,228.5,220.7,20043.0,150.6,191.0,184048.0,150.9,2015,11,1,6,18206.020741
372,261.2,180.8,12362,155.0,217474.0,58.0,60165.0,262.6,122.9,435650.0,271.2,266.9,99.2995,674.3,41.8,195.1,216.0,321.7,199.5,228.5,221.3,20481.0,150.5,190.7,180363.0,151.0,2015,12,1,1,18206.020741
373,256.7,179.7,12383,156.1,226905.0,57.7,61709.0,264.9,124.1,440739.0,270.9,266.9,99.7502,703.6,41.9,193.4,220.0,321.7,199.9,228.1,220.6,20923.0,149.9,191.0,177696.0,151.6,2016,1,1,4,18695.110842
374,255.4,178.7,12365,156.4,217371.0,57.6,61077.0,264.4,123.9,431345.0,271.6,266.7,99.4265,705.9,41.8,194.3,219.8,321.6,198.7,228.1,220.8,21269.0,150.2,191.1,178241.0,158.2,2016,2,1,0,18695.110842
375,254.3,179.3,12342,157.4,216899.0,57.6,60564.0,264.8,124.0,434562.0,270.6,266.7,99.3601,706.0,41.8,194.1,219.2,321.6,198.9,231.2,221.0,21052.0,149.8,191.6,179568.0,152.0,2016,3,1,1,18695.110842
376,254.0,180.5,12353,158.3,228585.0,57.5,60970.0,266.0,124.4,446633.0,271.5,266.4,99.196,706.9,41.8,194.8,229.6,321.5,198.5,231.6,220.0,21719.0,149.6,191.3,180014.0,151.6,2016,4,1,4,18695.110842
377,257.2,181.9,12332,158.6,221991.0,57.5,59565.0,266.3,124.6,441629.0,270.8,266.4,99.115,707.3,41.9,195.7,228.3,321.4,199.2,231.2,220.2,21631.0,149.7,191.2,180672.0,151.9,2016,5,1,6,18695.110842
378,260.1,183.6,12350,158.7,209356.0,57.5,59505.0,268.1,124.8,432256.0,271.3,266.4,99.3614,715.6,41.8,197.5,224.6,321.4,199.1,232.0,221.6,21515.0,149.8,191.1,184387.0,155.1,2016,6,1,2,18695.110842
379,259.9,183.4,12372,159.0,217997.0,57.4,59899.0,267.7,124.8,437673.0,271.3,266.4,99.4487,716.8,42.0,197.3,225.6,321.4,199.8,231.9,221.8,21556.0,148.5,191.0,181529.0,154.9,2016,7,1,4,18695.110842
380,259.5,182.5,12348,159.2,219140.0,57.4,61743.0,267.7,125.1,439979.0,270.9,265.2,99.0922,719.7,41.8,196.2,226.4,326.9,201.0,231.9,220.8,21449.0,147.7,190.8,182269.0,156.2,2016,8,1,0,18695.110842
381,260.7,183.0,12347,159.1,216058.0,57.1,59290.0,268.2,125.2,438120.0,270.8,265.2,99.29,720.6,41.9,196.1,225.5,326.9,200.3,232.0,220.5,21152.0,147.6,190.9,183130.0,164.4,2016,9,1,3,18695.110842
382,263.3,183.7,12345,159.3,234217.0,56.9,59413.0,269.0,125.2,457161.0,270.9,265.2,99.4402,722.0,41.9,194.6,225.0,326.9,200.6,232.8,220.6,20980.0,152.7,190.5,183842.0,163.7,2016,10,1,5,18695.110842
383,262.2,183.2,12342,159.6,216703.0,56.9,59262.0,269.3,125.3,438612.0,270.9,265.7,99.332,722.1,41.8,193.4,224.3,327.3,199.4,233.5,220.4,20797.0,152.4,191.1,181996.0,162.9,2016,11,1,1,18695.110842
384,258.1,183.9,12355,159.8,218450.0,56.9,59355.0,268.8,125.5,447092.0,270.8,265.7,99.2912,723.0,41.9,194.5,230.9,338.3,199.6,233.0,219.9,21338.0,153.4,192.9,189567.0,162.4,2016,12,1,3,18695.110842
385,260.1,185.6,12366,160.9,218011.0,57.4,60689.0,272.8,126.5,447249.0,271.8,265.3,99.516,748.1,41.9,195.2,233.6,340.9,198.9,233.2,218.7,21297.0,152.6,194.6,189483.0,163.7,2017,1,1,6,19477.336549
386,265.1,186.2,12380,161.2,221815.0,57.3,60752.0,274.9,126.5,452577.0,272.3,265.4,99.5006,748.1,41.9,195.5,248.6,340.9,199.0,234.0,214.0,21660.0,152.3,194.6,188992.0,163.6,2017,2,1,2,19477.336549
387,269.2,186.7,12393,161.6,221965.0,57.3,61176.0,276.1,126.8,450876.0,271.8,265.4,99.2128,748.1,41.8,196.7,247.6,340.9,200.7,235.3,213.6,21015.0,152.9,193.6,186875.0,163.2,2017,3,1,2,19477.336549
388,273.8,187.6,12400,163.4,222025.0,57.6,61339.0,277.2,126.8,451123.0,272.8,265.5,100.3682,748.1,42.0,197.2,247.2,340.9,200.5,235.2,213.1,21311.0,152.8,194.0,186260.0,162.7,2017,4,1,5,19477.336549
389,274.1,187.3,12409,163.0,222398.0,57.5,61398.0,276.7,126.7,450172.0,272.4,265.4,100.1552,751.1,41.9,198.9,245.5,340.0,200.3,235.7,213.4,21260.0,151.2,194.6,186605.0,162.5,2017,5,1,0,19477.336549
390,272.9,187.6,12422,163.5,238347.0,57.4,60227.0,277.5,126.7,466309.0,273.5,265.4,100.1335,758.6,42.0,201.3,0.0,350.3,200.4,235.4,216.7,20951.0,151.2,195.2,185873.0,162.2,2017,6,1,3,19477.336549
391,270.3,187.3,12423,163.5,218978.0,56.6,61403.0,276.9,126.6,448049.0,274.9,265.1,99.8331,760.1,41.9,200.3,0.0,350.8,200.3,236.2,215.0,21871.0,150.1,195.7,185618.0,162.2,2017,7,1,5,19477.336549
392,269.9,188.4,12467,163.6,223602.0,56.4,61643.0,277.5,126.7,454873.0,275.1,265.1,99.6166,759.6,42.0,200.3,0.0,351.1,200.3,236.6,215.1,21755.0,149.8,194.2,189286.0,169.2,2017,8,1,1,19477.336549
393,272.6,189.6,12477,163.6,228198.0,56.0,63497.0,277.6,126.7,461244.0,275.5,265.0,99.6582,753.5,41.9,198.5,0.0,351.1,201.2,236.2,215.1,22538.0,149.8,195.1,189918.0,169.1,2017,9,1,4,19477.336549
394,277.2,190.2,12490,163.7,229757.0,56.0,63980.0,280.2,126.9,465763.0,275.4,265.9,100.7491,766.6,42.0,198.0,0.0,348.9,200.4,237.8,214.3,22284.0,153.5,195.7,192935.0,169.0,2017,10,1,6,19477.336549
395,278.8,191.2,12505,163.9,229646.0,56.0,63558.0,281.2,127.9,470676.0,276.4,265.8,100.7789,765.5,42.0,196.9,0.0,349.0,201.4,237.4,209.1,22679.0,154.3,196.0,197754.0,169.0,2017,11,1,2,19477.336549
396,280.3,191.3,12533,164.3,239903.0,56.0,63745.0,282.5,128.3,481124.0,277.4,265.8,100.4778,765.4,41.8,196.6,0.0,347.6,201.7,237.3,204.5,21932.0,154.3,195.5,196553.0,169.1,2017,12,1,4,19477.336549
397,275.1,192.6,12561,165.8,225906.0,56.1,63816.0,284.7,131.2,469569.0,278.1,267.4,100.0893,783.3,41.9,196.6,0.0,347.6,202.5,237.8,202.9,21754.0,153.3,196.1,199801.0,169.0,2018,1,1,0,20533.057312
398,278.0,193.5,12584,166.1,234140.0,56.3,65257.0,286.4,131.3,478323.0,278.5,267.3,101.1146,782.9,42.2,197.2,0.0,347.3,203.0,238.7,206.7,21881.0,152.9,196.3,200542.0,169.8,2018,2,1,3,20533.057312
399,282.7,194.0,12610,168.9,242658.0,56.3,64073.0,288.6,131.9,486328.0,278.8,267.5,101.205,783.0,42.2,198.9,0.0,347.3,204.5,244.1,211.2,21657.0,152.9,196.3,199801.0,170.1,2018,3,1,3,20533.057312
400,280.7,195.3,12631,169.0,239492.0,56.4,65444.0,288.4,132.3,483649.0,281.7,267.5,101.9431,780.8,42.3,199.4,0.0,351.3,204.7,244.7,211.1,22149.0,152.5,197.0,201470.0,168.8,2018,4,1,6,20533.057312
401,285.1,197.7,12657,169.8,240608.0,56.2,66748.0,289.9,132.3,489577.0,284.5,267.5,101.0712,782.0,42.1,201.1,0.0,357.0,204.4,244.7,210.4,22405.0,152.5,197.6,202325.0,168.4,2018,5,1,1,20533.057312
402,288.0,198.4,12691,169.3,243274.0,56.2,67678.0,290.8,132.5,492979.0,284.3,267.3,101.7339,784.7,42.2,200.2,0.0,362.0,204.8,245.4,210.4,22443.0,152.7,198.9,204308.0,168.7,2018,6,1,4,20533.057312
403,289.0,198.5,12711,169.4,234585.0,55.9,68406.0,291.2,132.4,484186.0,284.7,267.4,101.8353,790.3,42.2,198.8,0.0,362.3,205.1,245.4,210.5,22670.0,152.2,200.1,205162.0,168.7,2018,7,1,6,20533.057312
404,292.6,198.6,12725,169.7,244108.0,55.5,67270.0,292.2,132.3,494902.0,285.3,268.5,102.1497,787.2,42.1,197.7,0.0,362.5,205.1,245.8,211.7,22403.0,152.1,200.3,205771.0,168.6,2018,8,1,2,20533.057312
405,290.4,198.9,12744,170.1,244834.0,55.9,67127.0,291.6,132.5,496790.0,285.6,269.0,102.1115,788.4,42.0,197.1,259.5,363.4,205.9,249.3,211.8,22058.0,152.4,201.7,207723.0,169.0,2018,9,1,5,20533.057312
406,291.4,200.4,12767,169.6,239723.0,55.6,67931.0,292.5,132.3,491304.0,287.1,269.0,101.7088,790.5,42.1,197.4,257.2,363.4,205.3,251.2,214.7,22841.0,155.3,203.4,208240.0,168.7,2018,10,1,0,20533.057312
407,286.8,198.4,12777,169.8,231653.0,55.6,65255.0,293.1,132.4,476292.0,291.2,269.0,101.2783,792.0,41.9,197.2,250.1,361.8,205.6,251.7,216.0,22799.0,155.2,203.0,201610.0,170.0,2018,11,1,3,20533.057312
408,282.2,195.2,12796,170.1,238448.0,55.6,65773.0,292.5,132.4,478638.0,290.8,268.9,101.4445,796.4,42.1,198.0,251.0,361.8,206.2,252.4,218.4,22696.0,155.0,203.3,197821.0,170.2,2018,12,1,5,20533.057312
409,276.5,194.3,12833,171.3,229028.0,55.1,67110.0,293.7,133.8,470023.0,291.8,269.3,100.6521,809.1,42.0,198.3,245.7,361.5,208.2,252.9,218.9,22888.0,154.8,204.5,199007.0,187.0,2019,1,1,1,21380.976119
410,275.8,195.4,12822,171.6,223455.0,55.1,66772.0,293.4,133.9,466237.0,295.2,272.1,100.2042,810.6,41.7,198.8,244.7,361.5,208.2,253.2,220.3,22732.0,154.5,204.5,200752.0,184.1,2019,2,1,4,21380.976119
411,273.9,197.4,12822,171.5,233044.0,55.1,67615.0,293.3,133.8,475062.0,295.1,272.1,100.1091,810.8,41.7,199.4,240.8,361.8,210.1,254.5,220.4,23076.0,153.7,204.4,200427.0,193.2,2019,3,1,4,21380.976119
412,273.9,199.2,12820,173.6,223929.0,55.2,67038.0,293.3,134.0,467207.0,294.1,272.1,99.4866,811.3,41.6,201.1,243.3,360.8,210.1,255.3,221.0,23425.0,153.4,205.5,200812.0,192.5,2019,4,1,0,21380.976119
413,275.7,199.1,12815,174.1,217479.0,55.1,66680.0,292.1,134.0,460025.0,297.7,272.1,99.5509,810.5,41.6,202.0,237.5,360.8,210.2,255.2,221.9,23172.0,153.2,205.5,200842.0,193.2,2019,5,1,2,21380.976119
414,273.2,197.0,12820,175.3,219553.0,55.3,66243.0,292.4,134.0,458859.0,297.9,272.3,99.8517,809.7,41.7,202.2,233.1,360.8,210.3,255.9,222.3,22952.0,153.0,205.5,199167.0,196.3,2019,6,1,5,21380.976119
415,272.7,197.5,12826,174.9,225239.0,55.4,65872.0,292.8,134.4,464846.0,298.1,272.3,99.2399,813.1,41.5,202.0,233.2,360.8,211.1,255.9,222.7,22899.0,152.6,205.7,199033.0,195.8,2019,7,1,0,21380.976119
416,273.1,196.4,12825,175.7,224546.0,55.5,65829.0,291.3,134.4,462869.0,297.8,272.3,99.9127,813.0,41.5,202.2,233.2,363.4,212.1,255.5,223.3,22607.0,152.0,205.8,198267.0,198.0,2019,8,1,3,21380.976119
417,273.3,195.9,12823,175.4,221949.0,55.6,65203.0,290.6,134.7,459825.0,298.4,272.3,99.182,813.1,41.4,202.2,233.2,362.8,214.7,255.7,223.7,22561.0,151.7,206.0,197802.0,201.4,2019,9,1,6,21380.976119
418,273.8,196.6,12772,175.3,222975.0,55.5,65207.0,291.7,134.4,458943.0,298.2,270.0,98.4407,810.0,41.4,201.8,232.7,363.0,214.8,256.4,223.2,22249.0,154.6,206.0,196395.0,199.4,2019,10,1,1,21380.976119
419,271.2,196.5,12815,175.2,212779.0,55.5,63805.0,290.8,134.5,448388.0,298.8,270.0,99.115,810.0,41.4,203.2,231.9,363.0,214.8,256.9,223.8,21985.0,155.1,206.1,195962.0,191.6,2019,11,1,4,21380.976119
420,266.1,196.4,12801,175.0,215324.0,55.6,62950.0,289.4,134.4,451857.0,299.1,270.0,98.9808,811.9,41.4,203.0,232.0,362.9,214.8,256.9,224.9,22114.0,154.5,207.9,196084.0,195.8,2019,12,1,6,21380.976119
421,265.7,196.6,12790,176.7,225551.0,55.5,62298.0,291.0,135.4,459272.0,300.4,268.8,98.871,825.0,41.3,202.4,240.5,359.9,217.2,257.6,226.2,21947.0,152.9,207.8,193750.0,194.5,2020,1,1,2,21060.473613
422,269.6,195.1,12785,177.2,231488.0,55.4,61245.0,291.5,135.9,460927.0,300.5,268.9,99.1914,827.7,41.5,200.9,239.1,359.7,219.6,257.8,226.8,21817.0,153.6,208.0,192149.0,191.3,2020,2,1,5,21060.473613
423,268.6,192.3,12720,178.2,200119.0,55.6,60715.0,290.4,136.0,416951.0,299.5,268.9,94.9624,825.8,41.2,201.0,240.2,359.1,218.4,259.5,227.2,21641.0,152.0,209.2,171934.0,186.5,2020,3,1,6,21060.473613
424,255.8,186.1,11414,178.8,159130.0,54.9,55545.0,286.8,136.0,356382.0,302.4,269.5,80.3952,825.6,38.4,201.7,235.6,358.9,218.4,261.6,227.2,21522.0,153.0,209.1,141836.0,185.7,2020,4,1,2,21060.473613
425,249.0,188.9,11646,178.8,179384.0,54.9,56463.0,284.3,136.0,377550.0,302.9,269.5,83.9311,824.5,39.4,216.3,236.0,358.9,218.4,261.5,227.7,21374.0,152.4,209.3,146179.0,184.0,2020,5,1,4,21060.473613
426,251.1,190.2,11977,178.6,198774.0,54.9,58548.0,285.1,136.0,408711.0,303.1,269.5,90.2099,823.9,39.9,204.4,235.4,358.9,218.9,261.5,229.3,21599.0,152.0,209.2,174622.0,180.0,2020,6,1,0,21060.473613
427,254.5,192.3,12018,179.0,218041.0,54.7,60095.0,286.4,136.0,431781.0,303.8,269.5,93.5004,824.7,40.7,202.1,234.1,358.9,220.6,260.8,229.8,21918.0,152.1,209.3,185317.0,177.1,2020,7,1,2,21060.473613
428,261.2,193.0,12044,178.4,221086.0,54.6,60687.0,287.7,135.9,436444.0,303.7,269.5,94.8364,824.1,41.1,201.5,232.6,358.9,218.4,261.0,229.3,22021.0,152.3,209.4,185009.0,177.2,2020,8,1,5,21060.473613
429,262.3,192.9,12101,179.2,225593.0,54.7,62159.0,288.2,136.0,441723.0,303.9,269.5,94.8366,820.3,41.2,201.8,232.4,358.3,218.8,261.2,229.6,22111.0,152.3,209.2,185618.0,177.7,2020,9,1,1,21060.473613
430,272.2,193.7,12125,178.9,229735.0,53.8,62801.0,290.7,136.0,446352.0,303.5,270.3,95.8147,820.7,41.3,203.2,232.6,358.4,219.3,262.4,229.9,22950.0,154.3,209.3,184302.0,180.1,2020,10,1,3,21060.473613
431,273.6,194.5,12159,178.0,228470.0,53.9,62967.0,292.0,136.1,447337.0,303.1,270.3,96.358,820.9,41.3,205.0,242.4,358.5,220.4,262.3,230.5,22765.0,154.9,209.6,186871.0,177.8,2020,11,1,6,21060.473613
432,279.1,196.7,12199,178.8,231460.0,54.1,63944.0,293.8,137.9,454763.0,302.6,270.3,96.7461,820.3,41.4,204.6,242.8,360.6,221.1,262.9,230.9,22660.0,155.5,209.6,190775.0,188.0,2020,12,1,1,21060.473613
433,287.5,199.6,12196,179.8,237284.0,54.1,64750.0,298.7,139.3,465947.0,304.1,270.3,98.3236,832.6,41.6,205.0,252.4,369.0,221.5,264.1,231.2,22652.0,156.0,210.3,193281.0,187.6,2021,1,1,4,23315.08056
434,300.4,203.1,12222,181.2,237479.0,54.1,64562.0,303.2,138.9,465933.0,310.1,270.1,94.7465,833.8,41.4,208.6,253.4,369.3,222.9,264.4,231.7,22483.0,155.8,215.3,190496.0,186.8,2021,2,1,0,23315.08056
435,326.7,207.9,12270,182.1,241392.0,54.3,65886.0,309.5,142.4,470612.0,311.1,270.1,97.723,835.1,41.6,211.8,257.2,375.0,223.0,265.9,232.1,22558.0,155.4,215.3,192580.0,184.2,2021,3,1,0,23315.08056
436,342.8,210.1,12228,184.9,236566.0,54.2,67955.0,314.5,142.7,467703.0,315.4,270.1,97.6707,834.1,41.6,217.7,267.2,379.8,225.4,266.6,232.4,22775.0,155.7,216.1,189922.0,184.1,2021,4,1,3,23315.08056
437,350.3,215.1,12259,185.3,241545.0,54.5,66882.0,320.6,144.3,476677.0,318.0,270.1,98.6103,835.3,41.6,223.9,274.4,389.0,226.2,267.2,234.6,22546.0,156.7,219.4,194796.0,184.8,2021,5,1,5,23315.08056
438,362.9,217.9,12276,185.7,245826.0,54.7,68158.0,324.7,145.7,486157.0,321.0,273.8,98.5774,835.5,41.4,228.9,284.2,395.0,227.1,267.9,234.3,22791.0,157.5,229.0,199124.0,188.2,2021,6,1,1,23315.08056
439,371.402,219.492,12349,187.734,246741.0,54.548,68660.0,327.081,146.94,487733.0,330.302,275.043,99.6776,832.63,41.5,225.335,291.447,402.905,231.543,269.799,234.592,22720.0,157.86,230.936,202044.0,192.806,2021,7,1,3,23315.08056
440,376.96,220.114,12395,190.152,250577.0,54.766,69530.0,330.525,147.197,493380.0,335.112,275.621,99.3527,832.981,41.4,229.188,292.106,406.682,233.567,271.635,234.351,23271.0,158.19,232.786,201998.0,197.042,2021,8,1,6,23315.08056
441,377.061,221.869,12437,190.941,246849.0,54.875,69298.0,331.361,149.067,491911.0,340.122,275.623,98.5784,833.12,41.4,231.889,291.963,411.94,239.981,272.864,236.167,22970.0,158.147,237.799,202591.0,196.474,2021,9,1,2,23315.08056
442,379.449,225.478,12496,191.372,250503.0,54.947,70632.0,335.868,150.413,500871.0,343.912,277.234,100.2511,834.219,41.3,229.355,297.504,432.729,240.407,275.925,236.761,22931.0,159.507,254.735,207808.0,191.382,2021,10,1,4,23315.08056
443,375.398,227.109,12540,192.714,254074.0,55.251,71135.0,338.561,151.492,506291.0,346.554,278.296,100.8291,834.223,41.4,229.493,297.789,432.729,241.329,277.141,237.086,23936.0,159.73,258.119,209508.0,211.896,2021,11,1,0,23315.08056
444,367.883,226.47,12584,193.806,256464.0,55.42,71199.0,339.393,152.155,508780.0,349.824,278.941,100.7976,834.464,41.4,229.617,298.526,434.27,243.468,280.423,237.669,23611.0,159.847,259.553,210583.0,220.228,2021,12,1,2,23315.08056
445,357.296,231.495,12617,197.724,264356.0,56.336,72217.0,343.585,156.283,520531.0,370.526,285.23,100.4851,844.73,41.1,234.274,315.519,446.945,245.192,283.324,239.967,23746.0,160.201,260.718,213272.0,220.241,2022,1,1,5,23944.58716
446,357.647,237.245,12654,200.034,262494.0,56.366,72038.0,347.303,157.697,522118.0,372.885,285.339,101.7173,847.869,41.5,238.775,313.271,446.945,259.861,287.476,239.237,23325.0,161.186,262.022,216803.0,225.178,2022,2,1,1,23944.58716
447,357.628,245.404,12716,201.617,264258.0,56.726,72857.0,351.652,156.451,531412.0,378.471,285.584,102.4339,849.404,41.5,242.416,314.626,446.821,261.389,290.482,241.803,23742.0,161.19,262.894,225614.0,230.886,2022,3,1,1,23944.58716
448,370.66,249.56,12768,205.877,265376.0,56.488,73115.0,359.478,151.727,534971.0,398.355,285.584,102.9031,850.476,41.3,249.122,315.019,458.365,263.099,294.86,247.439,23741.0,162.807,263.091,228053.0,231.238,2022,4,1,4,23944.58716
449,377.211,256.396,12789,207.84,267533.0,56.624,73477.0,363.747,152.067,544394.0,400.966,288.584,102.4763,851.481,41.2,253.635,335.838,473.669,265.093,304.143,247.693,23787.0,163.481,264.217,235986.0,234.718,2022,5,1,6,23944.58716
450,380.764,262.418,12819,210.312,273571.0,56.916,74190.0,368.136,153.517,554232.0,405.982,289.708,101.7132,863.982,41.0,256.04,338.097,473.669,274.339,304.913,248.535,24211.0,164.007,264.263,240785.0,235.122,2022,6,1,2,23944.58716
451,373.717,256.526,12860,214.455,273203.0,56.804,74709.0,367.326,155.819,548449.0,412.726,290.022,102.1307,866.428,41.1,256.595,339.097,470.412,278.18,305.122,248.312,24547.0,164.545,267.183,235138.0,240.404,2022,7,1,4,23944.58716
452,362.99,251.494,12891,216.734,273841.0,56.632,75379.0,366.526,157.671,549508.0,413.813,290.125,102.1622,868.452,41.0,256.454,349.806,470.412,286.466,311.47,246.829,24519.0,164.812,268.982,235720.0,238.775,2022,8,1,0,23944.58716
453,361.292,251.891,12917,218.504,274399.0,56.822,74819.0,365.047,157.658,550895.0,416.938,291.546,102.1784,869.735,41.1,255.916,351.154,470.412,287.291,312.279,245.034,24239.0,164.878,269.034,238599.0,239.634,2022,9,1,3,23944.58716
454,353.335,254.013,12954,219.608,276366.0,57.313,75055.0,362.702,158.611,553138.0,420.164,303.196,102.5286,872.101,41.0,254.309,349.912,470.478,288.057,314.564,245.499,24188.0,166.89,268.718,239143.0,239.697,2022,10,1,5,23944.58716
455,340.474,252.922,12968,221.407,271403.0,57.538,74921.0,360.237,160.065,542460.0,420.642,303.561,101.6932,872.365,40.8,256.333,351.383,470.412,289.692,318.992,245.959,24315.0,167.079,270.458,234166.0,225.457,2022,11,1,1,23944.58716
456,333.602,244.845,12974,223.06,285249.0,57.578,74768.0,357.596,159.918,551694.0,421.936,303.591,99.8911,869.397,40.6,254.336,350.816,468.368,291.906,319.006,246.55,24141.0,167.712,273.135,230384.0,219.549,2022,12,1,3,23944.58716
457,326.813,248.887,12987,228.202,272402.0,57.154,75376.0,358.138,163.265,542787.0,422.838,306.405,100.8257,888.082,40.9,255.641,350.709,482.292,292.535,322.651,247.102,24286.0,168.369,275.143,233379.0,220.5,2023,1,1,6,23944.58716
